courseId,kind,scheduled,instructorEmpId,reason,meetings,issues
activity-000116,proposal,True,46,"3 ק״מ, 10 דקות נסיעה · עומס חזוי 79 שעות במחצית",1,[]
activity-000605,fixed-proposal,True,48,עומס חזוי 27 שעות במחצית,8,[]
activity-000496,live,True,4,שיבוץ מקור מוגן נשמר ללא שינוי; נדרשת בדיקת חריגות המקור: home_distance_exceeded,11,"[{""courseId"": ""activity-000496"", ""kind"": ""live"", ""scope"": ""protected-source"", ""code"": ""home_distance_exceeded"", ""distanceKm"": 51.358}]"
activity-000616,proposal,True,26,"רציפות ויעילות ביום · 0 ק״מ, 0 דקות נסיעה · עומס חזוי 101.83 שעות במחצית",8,[]
activity-000234,live,True,7,,11,[]
activity-000015,live,True,7,,11,[]
activity-000059,proposal,True,46,"רציפות ויעילות ביום · 0 ק״מ, 0 דקות נסיעה · עומס חזוי 69 שעות במחצית",14,[]
activity-000562,live,True,8,,11,[]
activity-000555,proposal,True,26,"0 ק״מ, 0 דקות נסיעה · עומס חזוי 71.83 שעות במחצית",14,[]
activity-000538,proposal,True,12,"4 ק״מ, 6 דקות נסיעה · עומס חזוי 287.58 שעות במחצית",14,[]
activity-000256,proposal,True,18,"רציפות ויעילות ביום · 15 ק״מ, 22 דקות נסיעה · עומס חזוי 108.17 שעות במחצית",8,[]
activity-000258,proposal,True,45,"21 ק״מ, 32 דקות נסיעה · עומס חזוי 113.75 שעות במחצית",8,[]
activity-000521,proposal,True,48,"רציפות ויעילות ביום · 14 ק״מ, 19 דקות נסיעה · עומס חזוי 55.5 שעות במחצית",10,[]
activity-000522,proposal,True,48,"רציפות ויעילות ביום · 0 ק״מ, 0 דקות נסיעה · עומס חזוי 70.5 שעות במחצית",10,[]
activity-000531,live,True,26,,11,[]
activity-000615,live,True,48,שיבוץ מקור מוגן נשמר ללא שינוי; נדרשת בדיקת חריגות המקור: home_distance_exceeded,10,"[{""courseId"": ""activity-000615"", ""kind"": ""live"", ""scope"": ""protected-source"", ""code"": ""home_distance_exceeded"", ""distanceKm"": 83.246}]"
activity-000122,proposal,True,46,"3 ק״מ, 10 דקות נסיעה · עומס חזוי 84 שעות במחצית",1,[]
activity-000214,proposal,True,32,"רציפות ויעילות ביום · 0 ק״מ, 0 דקות נסיעה · עומס חזוי 33 שעות במחצית",11,[]
activity-000225,live,True,7,,11,[]
activity-000551,recruitment,False,,home_distance_exceeded · availability · language · transition_distance_exceeded,10,[]
activity-000027,proposal,True,46,"3 ק״מ, 10 דקות נסיעה · עומס חזוי 74 שעות במחצית",1,[]
activity-000014,proposal,True,49,"0 ק״מ, 0 דקות נסיעה · עומס חזוי 87.5 שעות במחצית",14,[]
activity-000509,proposal,True,47,עומס חזוי 33 שעות במחצית,14,[]
activity-000508,live,True,26,,10,[]
activity-000129,live,True,7,,11,[]
activity-000558,fixed-proposal,True,45,"טרם קיים סידור עבודה להשוואת רציפות · 2 ק״מ, 5 דקות נסיעה · עומס חזוי 12 שעות במחצית",8,[]
activity-000067,live,True,12,,11,[]
activity-000173,proposal,True,46,"3 ק״מ, 10 דקות נסיעה · עומס חזוי 89 שעות במחצית",1,[]
activity-000570,proposal,True,47,עומס חזוי 66 שעות במחצית,10,[]
activity-000174,proposal,True,30,"רציפות ויעילות ביום · 3 ק״מ, 6 דקות נסיעה · עומס חזוי 51.17 שעות במחצית",11,[]
activity-000153,live,True,41,שיבוץ מקור מוגן נשמר ללא שינוי; נדרשת בדיקת חריגות המקור: home_distance_exceeded,10,"[{""courseId"": ""activity-000153"", ""kind"": ""live"", ""scope"": ""protected-source"", ""code"": ""home_distance_exceeded"", ""distanceKm"": 90.138}]"
activity-000114,live,True,26,,10,[]
activity-000255,proposal,True,18,"15 ק״מ, 22 דקות נסיעה · עומס חזוי 96.17 שעות במחצית",8,[]
activity-000501,proposal,True,39,"5 ק״מ, 7 דקות נסיעה · עומס חזוי 71.83 שעות במחצית",10,[]
activity-000259,proposal,True,35,"10 ק״מ, 14 דקות נסיעה · עומס חזוי 139.67 שעות במחצית",1,[]
activity-000062,live,True,10,שיבוץ מקור מוגן נשמר ללא שינוי; נדרשת בדיקת חריגות המקור: home_distance_exceeded,14,"[{""courseId"": ""activity-000062"", ""kind"": ""live"", ""scope"": ""protected-source"", ""code"": ""home_distance_exceeded"", ""distanceKm"": 64.617}]"
activity-000195,live,True,7,,11,[]
activity-000502,recruitment,False,,language · home_distance_exceeded,12,[]
activity-000556,proposal,True,26,"1 ק״מ, 2 דקות נסיעה · עומס חזוי 91.33 שעות במחצית",14,[]
activity-000597,proposal,True,34,"20 ק״מ, 25 דקות נסיעה · עומס חזוי 91.5 שעות במחצית",8,[]
activity-000541,proposal,True,39,עומס חזוי 86.83 שעות במחצית,10,[]
activity-000226,live,True,7,,11,[]
activity-000222,live,True,7,,11,[]
activity-000134,live,True,12,,12,[]
activity-000589,proposal,True,10,"3 ק״מ, 3 דקות נסיעה · עומס חזוי 161.33 שעות במחצית",10,[]
activity-000580,proposal,True,27,"רציפות ויעילות ביום · 14 ק״מ, 19 דקות נסיעה · עומס חזוי 34.5 שעות במחצית",10,[]
activity-000021,live,True,43,,11,[]
activity-000092,proposal,True,49,"0 ק״מ, 0 דקות נסיעה · עומס חזוי 66.5 שעות במחצית",14,[]
activity-000032,proposal,True,46,"רציפות ויעילות ביום · 0 ק״מ, 0 דקות נסיעה · עומס חזוי 48 שעות במחצית",14,[]
activity-000530,recruitment,False,,home_distance_exceeded · language,10,[]
activity-000590,live,True,10,,14,[]
activity-000151,live,True,10,שיבוץ מקור מוגן נשמר ללא שינוי; נדרשת בדיקת חריגות המקור: home_distance_exceeded,12,"[{""courseId"": ""activity-000151"", ""kind"": ""live"", ""scope"": ""protected-source"", ""code"": ""home_distance_exceeded"", ""distanceKm"": 64.617}]"
activity-000257,proposal,True,18,"רציפות ויעילות ביום · 0 ק״מ, 0 דקות נסיעה · עומס חזוי 120.17 שעות במחצית",8,[]
activity-000598,live,True,25,,8,[]
activity-000253,proposal,True,32,עומס חזוי 57 שעות במחצית,10,[]
activity-000185,proposal,True,46,"13 ק״מ, 16 דקות נסיעה · עומס חזוי 27 שעות במחצית",14,[]
activity-000252,proposal,True,32,עומס חזוי 49.5 שעות במחצית,11,[]
activity-000028,live,True,45,,10,[]
activity-000609,proposal,True,8,"רציפות ויעילות ביום · 0 ק״מ, 0 דקות נסיעה · עומס חזוי 237 שעות במחצית",11,[]
activity-000595,proposal,True,12,"3 ק״מ, 10 דקות נסיעה · עומס חזוי 292.58 שעות במחצית",1,[]
activity-000596,live,True,4,שיבוץ מקור מוגן נשמר ללא שינוי; נדרשת בדיקת חריגות המקור: home_distance_exceeded · transition_distance_exceeded,11,"[{""courseId"": ""activity-000596"", ""kind"": ""live"", ""scope"": ""protected-source"", ""code"": ""home_distance_exceeded"", ""distanceKm"": 51.358}]"
activity-000260,recruitment,False,,home_distance_exceeded · language,11,[]
activity-000105,live,True,45,שיבוץ מקור מוגן נשמר ללא שינוי; נדרשת בדיקת חריגות המקור: transition_distance_exceeded,10,"[{""courseId"": ""activity-000105"", ""kind"": ""live"", ""scope"": ""protected-source"", ""code"": ""transition"", ""date"": ""2026-10-15"", ""empId"": ""45"", ""gap"": 55, ""distanceKm"": 25.271, ""required"": 42}, {""courseId"": ""activity-000105"", ""kind"": ""live"", ""scope"": ""protected-source"", ""code"": ""transition"", ""date"": ""2026-10-22"", ""empId"": ""45"", ""gap"": 55, ""distanceKm"": 25.271, ""required"": 42}, {""courseId"": ""activity-000105"", ""kind"": ""live"", ""scope"": ""protected-source"", ""code"": ""transition"", ""date"": ""2026-10-29"", ""empId"": ""45"", ""gap"": 55, ""distanceKm"": 25.271, ""required"": 42}, {""courseId"": ""activity-000105"", ""kind"": ""live"", ""scope"": ""protected-source"", ""code"": ""transition"", ""date"": ""2026-11-05"", ""empId"": ""45"", ""gap"": 55, ""distanceKm"": 25.271, ""required"": 42}, {""courseId"": ""activity-000105"", ""kind"": ""live"", ""scope"": ""protected-source"", ""code"": ""transition"", ""date"": ""2026-11-12"", ""empId"": ""45"", ""gap"": 55, ""distanceKm"": 25.271, ""required"": 42}, {""courseId"": ""activity-000105"", ""kind"": ""live"", ""scope"": ""protected-source"", ""code"": ""transition"", ""date"": ""2026-11-19"", ""empId"": ""45"", ""gap"": 55, ""distanceKm"": 25.271, ""required"": 42}, {""courseId"": ""activity-000105"", ""kind"": ""live"", ""scope"": ""protected-source"", ""code"": ""transition"", ""date"": ""2026-11-26"", ""empId"": ""45"", ""gap"": 55, ""distanceKm"": 25.271, ""required"": 42}, {""courseId"": ""activity-000105"", ""kind"": ""live"", ""scope"": ""protected-source"", ""code"": ""transition"", ""date"": ""2026-12-03"", ""empId"": ""45"", ""gap"": 55, ""distanceKm"": 25.271, ""required"": 42}, {""courseId"": ""activity-000105"", ""kind"": ""live"", ""scope"": ""protected-source"", ""code"": ""transition"", ""date"": ""2026-12-17"", ""empId"": ""45"", ""gap"": 55, ""distanceKm"": 25.271, ""required"": 42}, {""courseId"": ""activity-000105"", ""kind"": ""live"", ""scope"": ""protected-source"", ""code"": ""transition"", ""date"": ""2027-01-14"", ""empId"": ""45"", ""gap"": 55, ""distanceKm"": 25.271, ""required"": 42}]"
activity-000261,recruitment,False,,home_distance_exceeded · language,10,[]
activity-000587,proposal,True,8,"רציפות ויעילות ביום · 0 ק״מ, 0 דקות נסיעה · עומס חזוי 301.5 שעות במחצית",10,[]
activity-000585,proposal,True,8,"רציפות ויעילות ביום · 0 ק״מ, 0 דקות נסיעה · עומס חזוי 220.5 שעות במחצית",10,[]
activity-000552,recruitment,False,,language · gender · home_distance_exceeded,14,[]
activity-000568,live,True,12,,14,[]
activity-000146,live,True,49,,14,[]
activity-000516,proposal,True,47,"רציפות ויעילות ביום · 3 ק״מ, 3 דקות נסיעה · עומס חזוי 52.5 שעות במחצית",14,[]
activity-000602,live,True,35,שיבוץ מקור מוגן נשמר ללא שינוי; נדרשת בדיקת חריגות המקור: transition_distance_exceeded,8,[]
activity-000220,live,True,43,,9,[]
activity-000520,proposal,True,48,"14 ק״מ, 19 דקות נסיעה · עומס חזוי 40.5 שעות במחצית",10,[]
activity-000168,proposal,True,10,"רציפות ויעילות ביום · 0 ק״מ, 0 דקות נסיעה · עומס חזוי 209.33 שעות במחצית",14,[]
activity-000198,live,True,45,,10,[]
activity-000545,live,True,45,שיבוץ מקור מוגן נשמר ללא שינוי; נדרשת בדיקת חריגות המקור: transition_distance_exceeded,11,[]
activity-000532,proposal,True,43,"1 ק״מ, 2 דקות נסיעה · עומס חזוי 209.92 שעות במחצית",11,[]
activity-000243,proposal,True,25,עומס חזוי 144.33 שעות במחצית,14,[]
activity-000542,missing,False,,החיפוש המוגבל הסתיים ללא הוכחה שאין מדריך מתאים,0,[]
activity-000035,proposal,True,32,"טרם קיים סידור עבודה להשוואת רציפות · 13 ק״מ, 14 דקות נסיעה · עומס חזוי 16.5 שעות במחצית",11,[]
activity-000137,live,True,46,,10,[]
activity-000561,live,True,12,,11,[]
activity-000614,recruitment,False,,language · home_distance_exceeded,8,[]
activity-000166,proposal,True,49,עומס חזוי 104 שעות במחצית,11,[]
activity-000594,missing,False,,missing_school_data · gender · home_route_unknown · language,0,[]
activity-000069,proposal,True,39,"2 ק״מ, 2 דקות נסיעה · עומס חזוי 56.83 שעות במחצית",11,[]
activity-000581,missing,False,,החיפוש המוגבל הסתיים ללא הוכחה שאין מדריך מתאים,0,[]
activity-000041,live,True,18,,10,[]
activity-000024,live,True,7,,11,[]
activity-000249,live,True,41,,11,[]
activity-000248,live,True,41,,11,[]
activity-000005,proposal,True,3,עומס חזוי 74.08 שעות במחצית,8,[]
activity-000244,live,True,4,,10,[]
activity-000025,live,True,7,,11,[]
activity-000593,proposal,True,10,"11 ק״מ, 22 דקות נסיעה · עומס חזוי 203.33 שעות במחצית",14,[]
activity-000592,proposal,True,10,רציפות ויעילות ביום · עומס חזוי 182.33 שעות במחצית,14,[]
activity-000574,live,True,25,,14,[]
activity-000606,live,True,35,שיבוץ מקור מוגן נשמר ללא שינוי; נדרשת בדיקת חריגות המקור: home_distance_exceeded,8,"[{""courseId"": ""activity-000606"", ""kind"": ""live"", ""scope"": ""protected-source"", ""code"": ""home_distance_exceeded"", ""distanceKm"": 51.384}]"
activity-000620,proposal,True,8,"0 ק״מ, 0 דקות נסיעה · עומס חזוי 253.5 שעות במחצית",11,[]
activity-000540,live,True,18,,8,[]
activity-000143,proposal,True,3,"17 ק״מ, 18 דקות נסיעה · עומס חזוי 95.08 שעות במחצית",14,[]
activity-000599,recruitment,False,,home_distance_exceeded · language,8,[]
activity-000559,live,True,45,,9,[]
activity-000123,proposal,True,3,"23 ק״מ, 23 דקות נסיעה · עומס חזוי 111.58 שעות במחצית",11,[]
activity-000497,live,True,4,שיבוץ מקור מוגן נשמר ללא שינוי; נדרשת בדיקת חריגות המקור: home_distance_exceeded,11,"[{""courseId"": ""activity-000497"", ""kind"": ""live"", ""scope"": ""protected-source"", ""code"": ""home_distance_exceeded"", ""distanceKm"": 51.358}]"
activity-000525,proposal,True,4,"17 ק״מ, 22 דקות נסיעה · עומס חזוי 206.83 שעות במחצית",14,[]
activity-000504,proposal,True,32,"24 ק״מ, 26 דקות נסיעה · עומס חזוי 114 שעות במחצית",8,[]
activity-000622,proposal,True,8,"רציפות ויעילות ביום · 0 ק״מ, 0 דקות נסיעה · עומס חזוי 270 שעות במחצית",11,[]
activity-000247,proposal,True,41,"רציפות ויעילות ביום · 0 ק״מ, 0 דקות נסיעה · עומס חזוי 177.83 שעות במחצית",11,[]
activity-000246,proposal,True,41,"0 ק״מ, 0 דקות נסיעה · עומס חזוי 161.33 שעות במחצית",11,[]
activity-000254,proposal,True,32,"רציפות ויעילות ביום · 0 ק״מ, 0 דקות נסיעה · עומס חזוי 72 שעות במחצית",10,[]
activity-000533,recruitment,False,,gender · home_distance_exceeded · availability · language · transition_unknown,14,[]
activity-000526,proposal,True,4,"רציפות ויעילות ביום · 0 ק״מ, 0 דקות נסיעה · עומס חזוי 227.83 שעות במחצית",14,[]
activity-000583,proposal,True,10,"16 ק״מ, 25 דקות נסיעה · עומס חזוי 131.33 שעות במחצית",10,[]
activity-000020,live,True,7,,11,[]
activity-000544,live,True,18,,11,[]
activity-000505,proposal,True,32,"24 ק״מ, 26 דקות נסיעה · עומס חזוי 126 שעות במחצית",8,[]
activity-000612,proposal,True,35,"0 ק״מ, 0 דקות נסיעה · עומס חזוי 151.67 שעות במחצית",8,[]
activity-000115,proposal,True,10,עומס חזוי 101.33 שעות במחצית,14,[]
activity-000591,live,True,27,,14,[]
activity-000527,proposal,True,4,"רציפות ויעילות ביום · 0 ק״מ, 0 דקות נסיעה · עומס חזוי 248.83 שעות במחצית",14,[]
activity-000251,proposal,True,35,"רציפות ויעילות ביום · 0 ק״מ, 0 דקות נסיעה · עומס חזוי 134.67 שעות במחצית",14,[]
activity-000528,proposal,True,4,"רציפות ויעילות ביום · 0 ק״מ, 0 דקות נסיעה · עומס חזוי 269.83 שעות במחצית",14,[]
activity-000600,live,True,8,שיבוץ מקור מוגן נשמר ללא שינוי; נדרשת בדיקת חריגות המקור: availability_exception,8,"[{""courseId"": ""activity-000600"", ""kind"": ""live"", ""scope"": ""protected-source"", ""code"": ""availability"", ""date"": ""2027-01-25"", ""empId"": ""8""}, {""courseId"": ""activity-000600"", ""kind"": ""live"", ""scope"": ""protected-source"", ""code"": ""availability"", ""date"": ""2027-02-01"", ""empId"": ""8""}]"
activity-000250,proposal,True,35,"10 ק״מ, 14 דקות נסיעה · עומס חזוי 113.67 שעות במחצית",14,[]
activity-000577,live,True,8,,11,[]
activity-000610,proposal,True,43,"0 ק״מ, 0 דקות נסיעה · עומס חזוי 221.92 שעות במחצית",8,[]
activity-000245,live,True,4,,10,[]
activity-000586,proposal,True,10,"רציפות ויעילות ביום · 0 ק״מ, 0 דקות נסיעה · עומס חזוי 146.33 שעות במחצית",10,[]
activity-000241,proposal,True,4,"רציפות ויעילות ביום · 0 ק״מ, 0 דקות נסיעה · עומס חזוי 154.33 שעות במחצית",11,[]
activity-000499,live,True,30,,14,[]
activity-000571,live,True,12,,14,[]
activity-000554,live,True,4,שיבוץ מקור מוגן נשמר ללא שינוי; נדרשת בדיקת חריגות המקור: home_distance_exceeded · transition_distance_exceeded,10,"[{""courseId"": ""activity-000554"", ""kind"": ""live"", ""scope"": ""protected-source"", ""code"": ""home_distance_exceeded"", ""distanceKm"": 99.05}, {""courseId"": ""activity-000554"", ""kind"": ""live"", ""scope"": ""protected-source"", ""code"": ""transition"", ""date"": ""2026-10-06"", ""empId"": ""4"", ""gap"": 10, ""distanceKm"": 74.799, ""required"": 83}, {""courseId"": ""activity-000554"", ""kind"": ""live"", ""scope"": ""protected-source"", ""code"": ""transition"", ""date"": ""2026-10-13"", ""empId"": ""4"", ""gap"": 10, ""distanceKm"": 74.799, ""required"": 83}, {""courseId"": ""activity-000554"", ""kind"": ""live"", ""scope"": ""protected-source"", ""code"": ""transition"", ""date"": ""2026-10-20"", ""empId"": ""4"", ""gap"": 10, ""distanceKm"": 74.799, ""required"": 83}, {""courseId"": ""activity-000554"", ""kind"": ""live"", ""scope"": ""protected-source"", ""code"": ""transition"", ""date"": ""2026-11-03"", ""empId"": ""4"", ""gap"": 10, ""distanceKm"": 74.799, ""required"": 83}, {""courseId"": ""activity-000554"", ""kind"": ""live"", ""scope"": ""protected-source"", ""code"": ""transition"", ""date"": ""2026-11-10"", ""empId"": ""4"", ""gap"": 10, ""distanceKm"": 74.799, ""required"": 83}, {""courseId"": ""activity-000554"", ""kind"": ""live"", ""scope"": ""protected-source"", ""code"": ""transition"", ""date"": ""2026-11-17"", ""empId"": ""4"", ""gap"": 10, ""distanceKm"": 74.799, ""required"": 83}, {""courseId"": ""activity-000554"", ""kind"": ""live"", ""scope"": ""protected-source"", ""code"": ""transition"", ""date"": ""2026-11-24"", ""empId"": ""4"", ""gap"": 10, ""distanceKm"": 74.799, ""required"": 83}, {""courseId"": ""activity-000554"", ""kind"": ""live"", ""scope"": ""protected-source"", ""code"": ""transition"", ""date"": ""2026-12-01"", ""empId"": ""4"", ""gap"": 10, ""distanceKm"": 74.799, ""required"": 83}, {""courseId"": ""activity-000554"", ""kind"": ""live"", ""scope"": ""protected-source"", ""code"": ""transition"", ""date"": ""2026-12-08"", ""empId"": ""4"", ""gap"": 10, ""distanceKm"": 74.799, ""required"": 83}, {""courseId"": ""activity-000554"", ""kind"": ""live"", ""scope"": ""protected-source"", ""code"": ""transition"", ""date"": ""2026-12-15"", ""empId"": ""4"", ""gap"": 10, ""distanceKm"": 74.799, ""required"": 83}]"
activity-000242,proposal,True,4,"רציפות ויעילות ביום · 0 ק״מ, 0 דקות נסיעה · עומס חזוי 170.83 שעות במחצית",11,[]
activity-000121,live,True,43,,11,[]
activity-000601,live,True,18,,8,[]
activity-000239,proposal,True,4,עומס חזוי 121.33 שעות במחצית,11,[]
activity-000240,proposal,True,4,"רציפות ויעילות ביום · 0 ק״מ, 0 דקות נסיעה · עומס חזוי 137.83 שעות במחצית",11,[]
activity-000181,live,True,43,,11,[]
activity-000106,live,True,10,שיבוץ מקור מוגן נשמר ללא שינוי; נדרשת בדיקת חריגות המקור: home_distance_exceeded,14,"[{""courseId"": ""activity-000106"", ""kind"": ""live"", ""scope"": ""protected-source"", ""code"": ""home_distance_exceeded"", ""distanceKm"": 64.617}]"
activity-000017,live,True,43,,11,[]
activity-000513,proposal,True,45,"רציפות ויעילות ביום · 0 ק״מ, 0 דקות נסיעה · עומס חזוי 149.75 שעות במחצית",10,[]
activity-000518,proposal,True,46,"רציפות ויעילות ביום · 0 ק״מ, 0 דקות נסיעה · עומס חזוי 120.5 שעות במחצית",10,[]
activity-000113,proposal,True,37,"0 ק״מ, 0 דקות נסיעה · עומס חזוי 66 שעות במחצית",11,[]
activity-000619,proposal,True,49,"רציפות ויעילות ביום · 0 ק״מ, 0 דקות נסיעה · עומס חזוי 120.5 שעות במחצית",11,[]
activity-000512,proposal,True,45,"1 ק״מ, 3 דקות נסיעה · עומס חזוי 134.75 שעות במחצית",14,[]
activity-000584,proposal,True,8,עומס חזוי 205.5 שעות במחצית,10,[]
activity-000611,live,True,35,שיבוץ מקור מוגן נשמר ללא שינוי; נדרשת בדיקת חריגות המקור: home_distance_exceeded · availability · transition_distance_exceeded,11,"[{""courseId"": ""activity-000611"", ""kind"": ""live"", ""scope"": ""protected-source"", ""code"": ""home_distance_exceeded"", ""distanceKm"": 68.184}, {""courseId"": ""activity-000611"", ""kind"": ""live"", ""scope"": ""protected-source"", ""code"": ""availability"", ""date"": ""2026-10-08"", ""empId"": ""3""}]"
activity-000575,live,True,25,,12,[]
activity-000189,proposal,True,37,"רציפות ויעילות ביום · 0 ק״מ, 0 דקות נסיעה · עומס חזוי 99 שעות במחצית",11,[]
activity-000498,live,True,25,,14,[]
activity-000055,live,True,43,,11,[]
activity-000607,missing,False,,source_date_conflict,10,[]
activity-000228,live,True,45,,10,[]
activity-000546,live,True,18,,11,[]
activity-000529,live,True,3,שיבוץ מקור מוגן נשמר ללא שינוי; נדרשת בדיקת חריגות המקור: availability,10,"[{""courseId"": ""activity-000529"", ""kind"": ""live"", ""scope"": ""protected-source"", ""code"": ""availability"", ""date"": ""2026-11-05"", ""empId"": ""3""}, {""courseId"": ""activity-000529"", ""kind"": ""live"", ""scope"": ""protected-source"", ""code"": ""availability"", ""date"": ""2026-11-12"", ""empId"": ""3""}, {""courseId"": ""activity-000529"", ""kind"": ""live"", ""scope"": ""protected-source"", ""code"": ""availability"", ""date"": ""2026-11-19"", ""empId"": ""3""}, {""courseId"": ""activity-000529"", ""kind"": ""live"", ""scope"": ""protected-source"", ""code"": ""availability"", ""date"": ""2026-11-26"", ""empId"": ""3""}, {""courseId"": ""activity-000529"", ""kind"": ""live"", ""scope"": ""protected-source"", ""code"": ""availability"", ""date"": ""2026-12-03"", ""empId"": ""3""}, {""courseId"": ""activity-000529"", ""kind"": ""live"", ""scope"": ""protected-source"", ""code"": ""availability"", ""date"": ""2026-12-17"", ""empId"": ""3""}, {""courseId"": ""activity-000529"", ""kind"": ""live"", ""scope"": ""protected-source"", ""code"": ""availability"", ""date"": ""2026-12-24"", ""empId"": ""3""}, {""courseId"": ""activity-000529"", ""kind"": ""live"", ""scope"": ""protected-source"", ""code"": ""availability"", ""date"": ""2026-12-31"", ""empId"": ""3""}, {""courseId"": ""activity-000529"", ""kind"": ""live"", ""scope"": ""protected-source"", ""code"": ""availability"", ""date"": ""2027-01-07"", ""empId"": ""3""}, {""courseId"": ""activity-000529"", ""kind"": ""live"", ""scope"": ""protected-source"", ""code"": ""availability"", ""date"": ""2027-01-14"", ""empId"": ""3""}]"
activity-000019,live,True,43,,11,[]
activity-000572,live,True,8,,9,[]
activity-000573,live,True,12,,10,[]
activity-000550,missing,False,,החיפוש המוגבל הסתיים ללא הוכחה שאין מדריך מתאים,0,[]
activity-000549,missing,False,,החיפוש המוגבל הסתיים ללא הוכחה שאין מדריך מתאים,0,[]
activity-000560,proposal,True,8,"רציפות ויעילות ביום · 0 ק״מ, 0 דקות נסיעה · עומס חזוי 286.5 שעות במחצית",11,[]
activity-000547,missing,False,,החיפוש המוגבל הסתיים ללא הוכחה שאין מדריך מתאים,0,[]
activity-000548,missing,False,,החיפוש המוגבל הסתיים ללא הוכחה שאין מדריך מתאים,0,[]
activity-000036,live,True,25,,11,[]
activity-000221,proposal,True,25,"רציפות ויעילות ביום · 25 ק״מ, 36 דקות נסיעה · עומס חזוי 102.33 שעות במחצית",11,[]
activity-000236,live,True,12,,10,[]
activity-000138,live,True,8,שיבוץ מקור מוגן נשמר ללא שינוי; נדרשת בדיקת חריגות המקור: availability_exception,11,"[{""courseId"": ""activity-000138"", ""kind"": ""live"", ""scope"": ""protected-source"", ""code"": ""availability"", ""date"": ""2027-01-25"", ""empId"": ""8""}, {""courseId"": ""activity-000138"", ""kind"": ""live"", ""scope"": ""protected-source"", ""code"": ""availability"", ""date"": ""2027-02-01"", ""empId"": ""8""}]"
activity-000090,live,True,7,,11,[]
activity-000064,live,True,7,,11,[]
activity-000272,live,True,12,,10,[]
activity-000140,live,True,7,,11,[]
activity-000273,live,True,8,שיבוץ מקור מוגן נשמר ללא שינוי; נדרשת בדיקת חריגות המקור: availability_exception,8,"[{""courseId"": ""activity-000273"", ""kind"": ""live"", ""scope"": ""protected-source"", ""code"": ""availability"", ""date"": ""2027-02-10"", ""empId"": ""8""}]"
activity-000510,proposal,True,37,"רציפות ויעילות ביום · 0 ק״מ, 0 דקות נסיעה · עומס חזוי 132 שעות במחצית",11,[]
activity-000553,recruitment,False,,language · home_distance_exceeded,14,[]
activity-000523,proposal,True,37,"רציפות ויעילות ביום · 0 ק״מ, 0 דקות נסיעה · עומס חזוי 148.5 שעות במחצית",11,[]
activity-000091,live,True,12,,10,[]
activity-000274,live,True,30,,14,[]
activity-000040,live,True,8,שיבוץ מקור מוגן נשמר ללא שינוי; נדרשת בדיקת חריגות המקור: availability_exception,12,"[{""courseId"": ""activity-000040"", ""kind"": ""live"", ""scope"": ""protected-source"", ""code"": ""availability"", ""date"": ""2027-02-10"", ""empId"": ""8""}]"
activity-000621,missing,False,,החיפוש המוגבל הסתיים ללא הוכחה שאין מדריך מתאים,0,[]
activity-000543,missing,False,,החיפוש המוגבל הסתיים ללא הוכחה שאין מדריך מתאים,0,[]
activity-000094,recruitment,False,,home_distance_exceeded · language,11,[]
activity-000085,live,True,43,שיבוץ מקור מוגן נשמר ללא שינוי; נדרשת בדיקת חריגות המקור: availability_exception,10,"[{""courseId"": ""activity-000085"", ""kind"": ""live"", ""scope"": ""protected-source"", ""code"": ""availability"", ""date"": ""2026-10-14"", ""empId"": ""43""}]"
activity-000514,live,True,18,,10,[]
activity-000118,fixed-proposal,True,39,"רציפות ויעילות ביום · 0 ק״מ, 0 דקות נסיעה · עומס חזוי 40.33 שעות במחצית",10,[]
activity-000045,missing,False,,missing_school_data · home_route_unknown · language,0,[]
activity-000604,proposal,True,3,"רציפות ויעילות ביום · 0 ק״מ, 0 דקות נסיעה · עומס חזוי 123.58 שעות במחצית",8,[]
activity-000188,live,True,43,שיבוץ מקור מוגן נשמר ללא שינוי; נדרשת בדיקת חריגות המקור: availability_exception,10,"[{""courseId"": ""activity-000188"", ""kind"": ""live"", ""scope"": ""protected-source"", ""code"": ""availability"", ""date"": ""2026-10-14"", ""empId"": ""43""}]"
activity-000557,live,True,47,,8,[]
activity-000608,live,True,39,,8,[]
activity-000507,live,True,43,,10,[]
activity-000506,live,True,43,,10,[]
activity-000224,proposal,True,37,"רציפות ויעילות ביום · 0 ק״מ, 0 דקות נסיעה · עומס חזוי 115.5 שעות במחצית",11,[]
activity-000139,proposal,True,37,"0 ק״מ, 0 דקות נסיעה · עומס חזוי 82.5 שעות במחצית",11,[]
activity-000141,live,True,35,שיבוץ מקור מוגן נשמר ללא שינוי; נדרשת בדיקת חריגות המקור: home_distance_exceeded,10,"[{""courseId"": ""activity-000141"", ""kind"": ""live"", ""scope"": ""protected-source"", ""code"": ""home_distance_exceeded"", ""distanceKm"": 68.184}]"
activity-000503,proposal,True,25,"רציפות ויעילות ביום · 0 ק״מ, 0 דקות נסיעה · עומס חזוי 123.33 שעות במחצית",14,[]
activity-000569,proposal,True,46,"20 ק״מ, 22 דקות נסיעה · עומס חזוי 150.5 שעות במחצית",11,[]
activity-000566,live,True,8,,11,[]
activity-000565,live,True,8,,11,[]
activity-000160,live,True,49,,14,[]
activity-000579,live,True,8,,11,[]
activity-000537,live,True,12,,11,[]
activity-000536,live,True,12,,11,[]
activity-000582,proposal,True,10,"רציפות ויעילות ביום · 0 ק״מ, 0 דקות נסיעה · עומס חזוי 224.33 שעות במחצית",10,[]
activity-000564,proposal,True,12,"13 ק״מ, 25 דקות נסיעה · עומס חזוי 266.58 שעות במחצית",14,[]
activity-000110,live,True,25,,11,[]
activity-000603,live,True,35,שיבוץ מקור מוגן נשמר ללא שינוי; נדרשת בדיקת חריגות המקור: home_distance_exceeded · transition_distance_exceeded,8,"[{""courseId"": ""activity-000603"", ""kind"": ""live"", ""scope"": ""protected-source"", ""code"": ""home_distance_exceeded"", ""distanceKm"": 42.852}, {""courseId"": ""activity-000603"", ""kind"": ""live"", ""scope"": ""protected-source"", ""code"": ""transition"", ""date"": ""2026-10-22"", ""empId"": ""35"", ""gap"": 45, ""distanceKm"": 31.393, ""required"": 42}, {""courseId"": ""activity-000603"", ""kind"": ""live"", ""scope"": ""protected-source"", ""code"": ""transition"", ""date"": ""2026-10-29"", ""empId"": ""35"", ""gap"": 45, ""distanceKm"": 31.393, ""required"": 42}, {""courseId"": ""activity-000603"", ""kind"": ""live"", ""scope"": ""protected-source"", ""code"": ""transition"", ""date"": ""2026-11-05"", ""empId"": ""35"", ""gap"": 45, ""distanceKm"": 31.393, ""required"": 42}, {""courseId"": ""activity-000603"", ""kind"": ""live"", ""scope"": ""protected-source"", ""code"": ""transition"", ""date"": ""2026-11-12"", ""empId"": ""35"", ""gap"": 45, ""distanceKm"": 31.393, ""required"": 42}, {""courseId"": ""activity-000603"", ""kind"": ""live"", ""scope"": ""protected-source"", ""code"": ""transition"", ""date"": ""2026-11-19"", ""empId"": ""35"", ""gap"": 45, ""distanceKm"": 31.393, ""required"": 42}, {""courseId"": ""activity-000603"", ""kind"": ""live"", ""scope"": ""protected-source"", ""code"": ""transition"", ""date"": ""2026-11-26"", ""empId"": ""35"", ""gap"": 45, ""distanceKm"": 31.393, ""required"": 42}, {""courseId"": ""activity-000603"", ""kind"": ""live"", ""scope"": ""protected-source"", ""code"": ""transition"", ""date"": ""2026-12-03"", ""empId"": ""35"", ""gap"": 45, ""distanceKm"": 31.393, ""required"": 42}, {""courseId"": ""activity-000603"", ""kind"": ""live"", ""scope"": ""protected-source"", ""code"": ""transition"", ""date"": ""2026-12-17"", ""empId"": ""35"", ""gap"": 45, ""distanceKm"": 31.393, ""required"": 42}]"
activity-000617,live,True,35,שיבוץ מקור מוגן נשמר ללא שינוי; נדרשת בדיקת חריגות המקור: transition_distance_exceeded,8,"[{""courseId"": ""activity-000617"", ""kind"": ""live"", ""scope"": ""protected-source"", ""code"": ""transition"", ""date"": ""2026-10-28"", ""empId"": ""35"", ""gap"": 135, ""distanceKm"": 24.551, ""required"": 39}, {""courseId"": ""activity-000617"", ""kind"": ""live"", ""scope"": ""protected-source"", ""code"": ""transition"", ""date"": ""2026-11-04"", ""empId"": ""35"", ""gap"": 135, ""distanceKm"": 24.551, ""required"": 39}, {""courseId"": ""activity-000617"", ""kind"": ""live"", ""scope"": ""protected-source"", ""code"": ""transition"", ""date"": ""2026-11-11"", ""empId"": ""35"", ""gap"": 135, ""distanceKm"": 24.551, ""required"": 39}, {""courseId"": ""activity-000617"", ""kind"": ""live"", ""scope"": ""protected-source"", ""code"": ""transition"", ""date"": ""2026-11-18"", ""empId"": ""35"", ""gap"": 135, ""distanceKm"": 24.551, ""required"": 39}, {""courseId"": ""activity-000617"", ""kind"": ""live"", ""scope"": ""protected-source"", ""code"": ""transition"", ""date"": ""2026-11-25"", ""empId"": ""35"", ""gap"": 135, ""distanceKm"": 24.551, ""required"": 39}, {""courseId"": ""activity-000617"", ""kind"": ""live"", ""scope"": ""protected-source"", ""code"": ""transition"", ""date"": ""2026-12-02"", ""empId"": ""35"", ""gap"": 135, ""distanceKm"": 24.551, ""required"": 39}, {""courseId"": ""activity-000617"", ""kind"": ""live"", ""scope"": ""protected-source"", ""code"": ""transition"", ""date"": ""2026-12-16"", ""empId"": ""35"", ""gap"": 135, ""distanceKm"": 24.551, ""required"": 39}]"
activity-000578,live,True,8,,11,[]
activity-000588,proposal,True,3,עומס חזוי 62.08 שעות במחצית,10,[]
activity-000265,proposal,True,34,"רציפות ויעילות ביום · 1 ק״מ, 1 דקות נסיעה · עומס חזוי 46.5 שעות במחצית",11,[]
activity-000266,proposal,True,34,"רציפות ויעילות ביום · 0 ק״מ, 0 דקות נסיעה · עומס חזוי 63 שעות במחצית",11,[]
activity-000065,fixed-proposal,True,39,עומס חזוי 25.33 שעות במחצית,10,[]
activity-000193,live,True,8,,10,[]
activity-000613,recruitment,False,,language · home_distance_exceeded,8,[]
activity-000277,proposal,True,4,"0 ק״מ, 0 דקות נסיעה · עומס חזוי 185.83 שעות במחצית",10,[]
activity-000278,proposal,True,41,"9 ק״מ, 20 דקות נסיעה · עומס חזוי 93.83 שעות במחצית",10,[]
activity-000267,proposal,True,34,"רציפות ויעילות ביום · 0 ק״מ, 0 דקות נסיעה · עומס חזוי 79.5 שעות במחצית",11,[]
activity-000262,proposal,True,34,"טרם קיים סידור עבודה להשוואת רציפות · 11 ק״מ, 16 דקות נסיעה · עומס חזוי 15 שעות במחצית",10,[]
activity-000495,proposal,True,30,"0 ק״מ, 0 דקות נסיעה · עומס חזוי 67.67 שעות במחצית",11,[]
activity-000263,proposal,True,48,"0 ק״מ, 0 דקות נסיעה · עומס חזוי 85.5 שעות במחצית",10,[]
activity-000264,proposal,True,34,"11 ק״מ, 16 דקות נסיעה · עומס חזוי 30 שעות במחצית",10,[]
activity-000205,live,True,12,,14,[]
activity-000268,proposal,True,32,"רציפות ויעילות ביום · 0 ק״מ, 0 דקות נסיעה · עומס חזוי 87 שעות במחצית",10,[]
activity-000269,proposal,True,32,"רציפות ויעילות ביום · 0 ק״מ, 0 דקות נסיעה · עומס חזוי 102 שעות במחצית",10,[]
activity-000563,live,True,12,,11,[]
activity-000618,live,True,35,שיבוץ מקור מוגן נשמר ללא שינוי; נדרשת בדיקת חריגות המקור: home_distance_exceeded,11,"[{""courseId"": ""activity-000618"", ""kind"": ""live"", ""scope"": ""protected-source"", ""code"": ""home_distance_exceeded"", ""distanceKm"": 52.981}]"
activity-000519,recruitment,False,,language · gender · home_distance_exceeded,14,[]
activity-000515,proposal,True,46,עומס חזוי 105.5 שעות במחצית,11,[]
activity-000539,proposal,True,46,"רציפות ויעילות ביום · 0 ק״מ, 0 דקות נסיעה · עומס חזוי 134 שעות במחצית",9,[]
activity-000270,live,True,41,שיבוץ מקור מוגן נשמר ללא שינוי; נדרשת בדיקת חריגות המקור: home_distance_exceeded,10,"[{""courseId"": ""activity-000270"", ""kind"": ""live"", ""scope"": ""protected-source"", ""code"": ""home_distance_exceeded"", ""distanceKm"": 55.091}]"
activity-000149,live,True,43,,10,[]
activity-000061,missing,False,,missing_school_data · home_route_unknown · language,0,[]
activity-000500,recruitment,False,,language · home_distance_exceeded,10,[]
activity-000271,live,True,41,שיבוץ מקור מוגן נשמר ללא שינוי; נדרשת בדיקת חריגות המקור: home_distance_exceeded,10,"[{""courseId"": ""activity-000271"", ""kind"": ""live"", ""scope"": ""protected-source"", ""code"": ""home_distance_exceeded"", ""distanceKm"": 55.091}]"
activity-000567,live,True,12,,14,[]
activity-000282,proposal,True,41,"רציפות ויעילות ביום · 0 ק״מ, 0 דקות נסיעה · עומס חזוי 144.83 שעות במחצית",8,[]
activity-000232,live,True,45,,10,[]
activity-000018,live,True,8,שיבוץ מקור מוגן נשמר ללא שינוי; נדרשת בדיקת חריגות המקור: availability_exception,8,"[{""courseId"": ""activity-000018"", ""kind"": ""live"", ""scope"": ""protected-source"", ""code"": ""availability"", ""date"": ""2027-01-25"", ""empId"": ""8""}, {""courseId"": ""activity-000018"", ""kind"": ""live"", ""scope"": ""protected-source"", ""code"": ""availability"", ""date"": ""2027-02-01"", ""empId"": ""8""}]"
activity-000534,fixed-proposal,True,46,טרם קיים סידור עבודה להשוואת רציפות · עומס חזוי 15 שעות במחצית,10,[]
activity-000517,proposal,True,8,"20 ק״מ, 25 דקות נסיעה · עומס חזוי 190.5 שעות במחצית",11,[]
activity-000535,missing,False,,החיפוש המוגבל הסתיים ללא הוכחה שאין מדריך מתאים,0,[]
activity-000043,proposal,True,37,"3 ק״מ, 7 דקות נסיעה · עומס חזוי 33 שעות במחצית",11,[]
activity-000082,proposal,True,37,"רציפות ויעילות ביום · 0 ק״מ, 0 דקות נסיעה · עומס חזוי 49.5 שעות במחצית",11,[]
activity-000511,live,True,3,,10,[]
activity-000524,live,True,3,,10,[]
activity-000275,proposal,True,4,עומס חזוי 284.83 שעות במחצית,10,[]
activity-000276,proposal,True,4,עומס חזוי 299.83 שעות במחצית,10,[]
activity-000279,proposal,True,41,"רציפות ויעילות ביום · 0 ק״מ, 0 דקות נסיעה · עומס חזוי 108.83 שעות במחצית",10,[]
activity-000280,proposal,True,41,"רציפות ויעילות ביום · 0 ק״מ, 0 דקות נסיעה · עומס חזוי 120.83 שעות במחצית",8,[]
activity-000281,proposal,True,41,"רציפות ויעילות ביום · 0 ק״מ, 0 דקות נסיעה · עומס חזוי 132.83 שעות במחצית",8,[]
activity-000002,proposal,True,37,"טרם קיים סידור עבודה להשוואת רציפות · 3 ק״מ, 7 דקות נסיעה · עומס חזוי 16.5 שעות במחצית",11,[]
activity-000576,live,True,25,שיבוץ מקור מוגן נשמר ללא שינוי; נדרשת בדיקת חריגות המקור: calendar_end_time,14,"[{""courseId"": ""activity-000576"", ""kind"": ""live"", ""scope"": ""protected-source"", ""code"": ""calendar_end_time"", ""date"": ""2027-03-22""}]"
