empId,active,includedInEngine,profilePresent,activities,meetings,hours,declaredAvailableHours,utilizationRatio,denominator
17,False,False,False,0,0,0,0,,Exact weekly windows plus date exceptions over year period; not reduced by sector-specific school holidays; no inferred availability
11,False,False,False,0,0,0,0,,Exact weekly windows plus date exceptions over year period; not reduced by sector-specific school holidays; no inferred availability
14,False,False,False,0,0,0,0,,Exact weekly windows plus date exceptions over year period; not reduced by sector-specific school holidays; no inferred availability
6,False,False,False,0,0,0,0,,Exact weekly windows plus date exceptions over year period; not reduced by sector-specific school holidays; no inferred availability
21,False,False,False,0,0,0,0,,Exact weekly windows plus date exceptions over year period; not reduced by sector-specific school holidays; no inferred availability
1,False,False,True,0,0,0,1691,0,Exact weekly windows plus date exceptions over year period; not reduced by sector-specific school holidays; no inferred availability
18,True,True,True,9,82,120.16666666666677,1218,0.09865900383141771,Exact weekly windows plus date exceptions over year period; not reduced by sector-specific school holidays; no inferred availability
16,False,False,True,0,0,0,1519,0,Exact weekly windows plus date exceptions over year period; not reduced by sector-specific school holidays; no inferred availability
3,True,True,True,10,83,123.58333333333339,953,0.12967820916404343,Exact weekly windows plus date exceptions over year period; not reduced by sector-specific school holidays; no inferred availability
10,True,True,True,12,150,227.33333333333331,1425.5,0.15947620717876768,Exact weekly windows plus date exceptions over year period; not reduced by sector-specific school holidays; no inferred availability
13,False,False,False,0,0,0,0,,Exact weekly windows plus date exceptions over year period; not reduced by sector-specific school holidays; no inferred availability
23,False,False,False,0,0,0,0,,Exact weekly windows plus date exceptions over year period; not reduced by sector-specific school holidays; no inferred availability
9,False,False,False,0,0,0,0,,Exact weekly windows plus date exceptions over year period; not reduced by sector-specific school holidays; no inferred availability
19,False,False,False,0,0,0,0,,Exact weekly windows plus date exceptions over year period; not reduced by sector-specific school holidays; no inferred availability
5,False,False,False,0,0,0,0,,Exact weekly windows plus date exceptions over year period; not reduced by sector-specific school holidays; no inferred availability
15,False,False,False,0,0,0,0,,Exact weekly windows plus date exceptions over year period; not reduced by sector-specific school holidays; no inferred availability
2,False,False,False,0,0,0,0,,Exact weekly windows plus date exceptions over year period; not reduced by sector-specific school holidays; no inferred availability
20,False,False,False,0,0,0,0,,Exact weekly windows plus date exceptions over year period; not reduced by sector-specific school holidays; no inferred availability
8,True,True,True,21,217,357,1418.75,0.25162995594713655,Exact weekly windows plus date exceptions over year period; not reduced by sector-specific school holidays; no inferred availability
12,True,True,True,17,192,320.41666666666686,1519,0.21093921439543573,Exact weekly windows plus date exceptions over year period; not reduced by sector-specific school holidays; no inferred availability
22,False,False,True,0,0,0,0,,Exact weekly windows plus date exceptions over year period; not reduced by sector-specific school holidays; no inferred availability
7,True,True,True,13,143,286,1432,0.19972067039106145,Exact weekly windows plus date exceptions over year period; not reduced by sector-specific school holidays; no inferred availability
24,False,False,False,0,0,0,0,,Exact weekly windows plus date exceptions over year period; not reduced by sector-specific school holidays; no inferred availability
4,True,True,True,17,193,296.83333333333337,1519,0.19541364933070005,Exact weekly windows plus date exceptions over year period; not reduced by sector-specific school holidays; no inferred availability
45,True,True,True,11,110,161.75,1736,0.09317396313364056,Exact weekly windows plus date exceptions over year period; not reduced by sector-specific school holidays; no inferred availability
35,True,True,True,11,99,151.66666666666657,1830.75,0.08284400746506436,Exact weekly windows plus date exceptions over year period; not reduced by sector-specific school holidays; no inferred availability
40,False,False,True,0,0,0,1519,0,Exact weekly windows plus date exceptions over year period; not reduced by sector-specific school holidays; no inferred availability
28,False,False,True,0,0,0,696,0,Exact weekly windows plus date exceptions over year period; not reduced by sector-specific school holidays; no inferred availability
31,False,False,True,0,0,0,0,,Exact weekly windows plus date exceptions over year period; not reduced by sector-specific school holidays; no inferred availability
29,False,False,True,0,0,0,0,,Exact weekly windows plus date exceptions over year period; not reduced by sector-specific school holidays; no inferred availability
30,True,True,True,4,50,70.33333333333336,344,0.20445736434108533,Exact weekly windows plus date exceptions over year period; not reduced by sector-specific school holidays; no inferred availability
25,True,True,True,10,123,182.16666666666652,1430.5,0.1273447512524757,Exact weekly windows plus date exceptions over year period; not reduced by sector-specific school holidays; no inferred availability
34,True,True,True,6,61,91.5,2470,0.037044534412955465,Exact weekly windows plus date exceptions over year period; not reduced by sector-specific school holidays; no inferred availability
32,True,True,True,9,89,133.5,2514,0.053102625298329355,Exact weekly windows plus date exceptions over year period; not reduced by sector-specific school holidays; no inferred availability
44,False,False,True,0,0,0,996,0,Exact weekly windows plus date exceptions over year period; not reduced by sector-specific school holidays; no inferred availability
41,True,True,True,12,118,177.8333333333333,1642,0.10830288266341857,Exact weekly windows plus date exceptions over year period; not reduced by sector-specific school holidays; no inferred availability
47,True,True,True,4,46,69,810.5,0.0851326341764343,Exact weekly windows plus date exceptions over year period; not reduced by sector-specific school holidays; no inferred availability
37,True,True,True,9,99,148.5,976.5,0.15207373271889402,Exact weekly windows plus date exceptions over year period; not reduced by sector-specific school holidays; no inferred availability
33,False,False,True,0,0,0,0,,Exact weekly windows plus date exceptions over year period; not reduced by sector-specific school holidays; no inferred availability
39,True,True,True,6,59,86.83333333333329,595,0.14593837535013998,Exact weekly windows plus date exceptions over year period; not reduced by sector-specific school holidays; no inferred availability
46,True,True,True,13,107,174.5,771,0.22632944228274968,Exact weekly windows plus date exceptions over year period; not reduced by sector-specific school holidays; no inferred availability
26,True,True,True,6,67,104.83333333333331,602,0.17414174972314503,Exact weekly windows plus date exceptions over year period; not reduced by sector-specific school holidays; no inferred availability
38,True,True,True,0,0,0,1519,0,Exact weekly windows plus date exceptions over year period; not reduced by sector-specific school holidays; no inferred availability
43,True,True,True,14,144,239.41666666666652,1634,0.14652182782537732,Exact weekly windows plus date exceptions over year period; not reduced by sector-specific school holidays; no inferred availability
42,False,False,True,0,0,0,0,,Exact weekly windows plus date exceptions over year period; not reduced by sector-specific school holidays; no inferred availability
36,False,False,True,0,0,0,1085,0,Exact weekly windows plus date exceptions over year period; not reduced by sector-specific school holidays; no inferred availability
49,True,True,True,6,78,120.5,696,0.17313218390804597,Exact weekly windows plus date exceptions over year period; not reduced by sector-specific school holidays; no inferred availability
48,True,True,True,6,58,87,1736,0.05011520737327189,Exact weekly windows plus date exceptions over year period; not reduced by sector-specific school holidays; no inferred availability
27,True,True,True,2,24,36,1603,0.022457891453524642,Exact weekly windows plus date exceptions over year period; not reduced by sector-specific school holidays; no inferred availability
