courseId,kind,scheduled,instructorEmpId,meetings,reason,issues,isolatedCleanBaseAlternativePassed
activity-000116,proposal,True,12,1,1 מפגשים פותחים יום עבודה חדש · 23 ק״מ וכ-41 דקות מעבר · ניצול חזוי 62% · סדרה יציבה של 1 מפגשים באותו יום ושעה · ציון תפעולי 46.2/100,[],False
activity-000605,fixed-proposal,True,48,8,7 מפגשים פותחים יום עבודה חדש · 76 ק״מ וכ-86 דקות מעבר · ניצול חזוי 4% · סדרה יציבה של 8 מפגשים באותו יום ושעה · ציון תפעולי 35/100,[],False
activity-000496,live,True,4,11,נלקח מהשיבוץ הפעיל,"[{""courseId"": ""activity-000496"", ""kind"": ""live"", ""scope"": ""protected-source"", ""code"": ""home_distance_exceeded"", ""distanceKm"": 51.358}]",False
activity-000616,proposal,True,34,8,8 מפגשים משתלבים באזור סמוך · 32 ק״מ וכ-47 דקות מעבר · 126 דקות המתנה נטו · ניצול חזוי 18% · סדרה יציבה של 8 מפגשים באותו יום ושעה · ציון תפעולי 67.1/100,[],False
activity-000234,live,True,7,11,נלקח מהשיבוץ הפעיל,[],False
activity-000015,live,True,7,11,נלקח מהשיבוץ הפעיל,[],False
activity-000059,proposal,True,46,14,14 מפגשים פותחים יום עבודה חדש · 18 ק״מ וכ-37 דקות מעבר · ניצול חזוי 25% · סדרה יציבה של 14 מפגשים באותו יום ושעה · ציון תפעולי 47/100,[],False
activity-000562,live,True,8,11,נלקח מהשיבוץ הפעיל,[],False
activity-000555,proposal,True,34,14,13 מפגשים פותחים יום עבודה חדש · 37 ק״מ וכ-46 דקות מעבר · ניצול חזוי 3% · סדרה יציבה של 14 מפגשים באותו יום ושעה · ציון תפעולי 60.5/100,[],False
activity-000538,proposal,True,46,14,14 מפגשים פותחים יום עבודה חדש · 37 ק״מ וכ-43 דקות מעבר · ניצול חזוי 42% · סדרה יציבה של 14 מפגשים באותו יום ושעה · ציון תפעולי 43/100,[],False
activity-000256,proposal,True,45,8,8 מפגשים פותחים יום עבודה חדש · 41 ק״מ וכ-64 דקות מעבר · ניצול חזוי 29% · סדרה יציבה של 8 מפגשים באותו יום ושעה · ציון תפעולי 40.6/100,[],False
activity-000258,missing,False,,8,"נמצאו אפשרויות למדריך, אך כולן חופפות לשיבוצים אחרים. נשמרו ההצעות התקינות של יתר הפעילויות.",[],False
activity-000521,proposal,True,48,10,החיפוש החדש לא הושלם; נשמר השיבוץ הקיים שעבר מחדש את כל תנאי הסף,[],False
activity-000522,proposal,True,48,10,10 מפגשים פותחים יום עבודה חדש · 26 ק״מ וכ-37 דקות מעבר · ניצול חזוי 23% · סדרה יציבה של 10 מפגשים באותו יום ושעה · ציון תפעולי 46.2/100,[],False
activity-000531,live,True,26,11,נלקח מהשיבוץ הפעיל,[],False
activity-000615,live,True,48,10,נלקח מהשיבוץ הפעיל,"[{""courseId"": ""activity-000615"", ""kind"": ""live"", ""scope"": ""protected-source"", ""code"": ""home_distance_exceeded"", ""distanceKm"": 83.246}, {""courseId"": ""activity-000615"", ""kind"": ""live"", ""scope"": ""protected-source"", ""code"": ""transition"", ""date"": ""2026-10-14"", ""empId"": ""48"", ""gap"": 210, ""distanceKm"": 101.568, ""required"": 110}, {""courseId"": ""activity-000615"", ""kind"": ""live"", ""scope"": ""protected-source"", ""code"": ""transition"", ""date"": ""2026-10-21"", ""empId"": ""48"", ""gap"": 210, ""distanceKm"": 101.568, ""required"": 110}, {""courseId"": ""activity-000615"", ""kind"": ""live"", ""scope"": ""protected-source"", ""code"": ""transition"", ""date"": ""2026-10-28"", ""empId"": ""48"", ""gap"": 210, ""distanceKm"": 101.568, ""required"": 110}, {""courseId"": ""activity-000615"", ""kind"": ""live"", ""scope"": ""protected-source"", ""code"": ""transition"", ""date"": ""2026-11-04"", ""empId"": ""48"", ""gap"": 210, ""distanceKm"": 101.568, ""required"": 110}, {""courseId"": ""activity-000615"", ""kind"": ""live"", ""scope"": ""protected-source"", ""code"": ""transition"", ""date"": ""2026-11-11"", ""empId"": ""48"", ""gap"": 210, ""distanceKm"": 101.568, ""required"": 110}, {""courseId"": ""activity-000615"", ""kind"": ""live"", ""scope"": ""protected-source"", ""code"": ""transition"", ""date"": ""2026-11-18"", ""empId"": ""48"", ""gap"": 210, ""distanceKm"": 101.568, ""required"": 110}, {""courseId"": ""activity-000615"", ""kind"": ""live"", ""scope"": ""protected-source"", ""code"": ""transition"", ""date"": ""2026-11-25"", ""empId"": ""48"", ""gap"": 210, ""distanceKm"": 101.568, ""required"": 110}, {""courseId"": ""activity-000615"", ""kind"": ""live"", ""scope"": ""protected-source"", ""code"": ""transition"", ""date"": ""2026-12-02"", ""empId"": ""48"", ""gap"": 210, ""distanceKm"": 101.568, ""required"": 110}]",False
activity-000122,proposal,True,12,1,1 מפגשים פותחים יום עבודה חדש · 23 ק״מ וכ-41 דקות מעבר · ניצול חזוי 62% · סדרה יציבה של 1 מפגשים באותו יום ושעה · ציון תפעולי 46.2/100,[],False
activity-000214,proposal,True,32,11,11 מפגשים פותחים יום עבודה חדש · 27 ק״מ וכ-28 דקות מעבר · ניצול חזוי 3% · סדרה יציבה של 11 מפגשים באותו יום ושעה · ציון תפעולי 64.5/100,"[{""courseId"": ""activity-000214"", ""kind"": ""proposal"", ""scope"": ""generated"", ""code"": ""friday_not_allowed"", ""date"": ""2026-10-16"", ""empId"": ""32""}, {""courseId"": ""activity-000214"", ""kind"": ""proposal"", ""scope"": ""generated"", ""code"": ""friday_not_allowed"", ""date"": ""2026-10-23"", ""empId"": ""32""}, {""courseId"": ""activity-000214"", ""kind"": ""proposal"", ""scope"": ""generated"", ""code"": ""friday_not_allowed"", ""date"": ""2026-10-30"", ""empId"": ""32""}, {""courseId"": ""activity-000214"", ""kind"": ""proposal"", ""scope"": ""generated"", ""code"": ""friday_not_allowed"", ""date"": ""2026-11-06"", ""empId"": ""32""}, {""courseId"": ""activity-000214"", ""kind"": ""proposal"", ""scope"": ""generated"", ""code"": ""friday_not_allowed"", ""date"": ""2026-11-13"", ""empId"": ""32""}, {""courseId"": ""activity-000214"", ""kind"": ""proposal"", ""scope"": ""generated"", ""code"": ""friday_not_allowed"", ""date"": ""2026-11-20"", ""empId"": ""32""}, {""courseId"": ""activity-000214"", ""kind"": ""proposal"", ""scope"": ""generated"", ""code"": ""friday_not_allowed"", ""date"": ""2026-11-27"", ""empId"": ""32""}, {""courseId"": ""activity-000214"", ""kind"": ""proposal"", ""scope"": ""generated"", ""code"": ""friday_not_allowed"", ""date"": ""2026-12-04"", ""empId"": ""32""}, {""courseId"": ""activity-000214"", ""kind"": ""proposal"", ""scope"": ""generated"", ""code"": ""friday_not_allowed"", ""date"": ""2026-12-11"", ""empId"": ""32""}, {""courseId"": ""activity-000214"", ""kind"": ""proposal"", ""scope"": ""generated"", ""code"": ""friday_not_allowed"", ""date"": ""2026-12-18"", ""empId"": ""32""}, {""courseId"": ""activity-000214"", ""kind"": ""proposal"", ""scope"": ""generated"", ""code"": ""friday_not_allowed"", ""date"": ""2027-01-15"", ""empId"": ""32""}]",True
activity-000225,live,True,7,11,נלקח מהשיבוץ הפעיל,[],False
activity-000551,recruitment,False,,10,"לאחר מיצוי אפשרויות הצוות הקיים: נדרש גיוס. הפעילות משויכת לתקן גיוס דרום 2, שמרכז 1 פעילויות לאורך התקופה ללא חפיפה.",[],False
activity-000027,proposal,True,46,1,1 מפגשים פותחים יום עבודה חדש · 23 ק״מ וכ-41 דקות מעבר · ניצול חזוי 62% · סדרה יציבה של 1 מפגשים באותו יום ושעה · ציון תפעולי 46.2/100,[],False
activity-000014,proposal,True,49,14,13 מפגשים משתלבים באותה רשות · 1 מפגשים פותחים יום עבודה חדש · 5 ק״מ וכ-14 דקות מעבר · 29 דקות המתנה נטו · ניצול חזוי 30% · סדרה יציבה של 14 מפגשים באותו יום ושעה · ציון תפעולי 84.2/100,[],False
activity-000509,proposal,True,47,14,14 מפגשים פותחים יום עבודה חדש · 73 ק״מ וכ-74 דקות מעבר · ניצול חזוי 15% · סדרה יציבה של 14 מפגשים באותו יום ושעה · ציון תפעולי 31/100,[],False
activity-000508,live,True,26,10,נלקח מהשיבוץ הפעיל,[],False
activity-000129,live,True,7,11,נלקח מהשיבוץ הפעיל,[],False
activity-000558,fixed-proposal,True,18,8,8 מפגשים פותחים יום עבודה חדש · 24 ק״מ וכ-36 דקות מעבר · ניצול חזוי 5% · סדרה יציבה של 8 מפגשים באותו יום ושעה · ציון תפעולי 65.3/100,[],False
activity-000067,live,True,12,11,נלקח מהשיבוץ הפעיל,[],False
activity-000173,proposal,True,8,1,1 מפגשים פותחים יום עבודה חדש · 23 ק״מ וכ-41 דקות מעבר · ניצול חזוי 62% · סדרה יציבה של 1 מפגשים באותו יום ושעה · ציון תפעולי 46.2/100,[],False
activity-000570,proposal,True,47,10,10 מפגשים ממלאים יום עבודה שכבר פתוח · 74 ק״מ וכ-77 דקות מעבר · 112 דקות המתנה נטו · ניצול חזוי 52% · סדרה יציבה של 10 מפגשים באותו יום ושעה · ציון תפעולי 49.7/100,[],False
activity-000174,proposal,True,3,11,11 מפגשים פותחים יום עבודה חדש · 8 ק״מ וכ-17 דקות מעבר · ניצול חזוי 41% · סדרה יציבה של 11 מפגשים באותו יום ושעה · ציון תפעולי 51/100,[],False
activity-000153,live,True,41,10,נלקח מהשיבוץ הפעיל,"[{""courseId"": ""activity-000153"", ""kind"": ""live"", ""scope"": ""protected-source"", ""code"": ""home_distance_exceeded"", ""distanceKm"": 90.138}]",False
activity-000114,live,True,26,10,נלקח מהשיבוץ הפעיל,[],False
activity-000255,proposal,True,45,8,8 מפגשים פותחים יום עבודה חדש · 41 ק״מ וכ-64 דקות מעבר · ניצול חזוי 29% · סדרה יציבה של 8 מפגשים באותו יום ושעה · ציון תפעולי 40.6/100,[],False
activity-000501,proposal,True,3,10,החיפוש החדש לא הושלם; נשמר השיבוץ הקיים שעבר מחדש את כל תנאי הסף,[],False
activity-000259,proposal,True,35,1,1 מפגשים פותחים יום עבודה חדש · 19 ק״מ וכ-26 דקות מעבר · ניצול חזוי 26% · סדרה יציבה של 1 מפגשים באותו יום ושעה · ציון תפעולי 48.6/100,[],False
activity-000062,live,True,10,14,נלקח מהשיבוץ הפעיל,"[{""courseId"": ""activity-000062"", ""kind"": ""live"", ""scope"": ""protected-source"", ""code"": ""home_distance_exceeded"", ""distanceKm"": 64.617}]",False
activity-000195,live,True,7,11,נלקח מהשיבוץ הפעיל,[],False
activity-000502,recruitment,False,,12,"לאחר מיצוי אפשרויות הצוות הקיים: נדרש גיוס. הפעילות משויכת לתקן גיוס צפון 1, שמרכז 9 פעילויות לאורך התקופה ללא חפיפה.",[],False
activity-000556,proposal,True,34,14,13 מפגשים פותחים יום עבודה חדש · 37 ק״מ וכ-46 דקות מעבר · ניצול חזוי 3% · סדרה יציבה של 14 מפגשים באותו יום ושעה · ציון תפעולי 60.5/100,[],False
activity-000597,proposal,True,48,8,8 מפגשים ממלאים יום עבודה שכבר פתוח · 122 ק״מ וכ-121 דקות מעבר · 115 דקות המתנה נטו · ניצול חזוי 34% · סדרה יציבה של 8 מפגשים באותו יום ושעה · ציון תפעולי 49.7/100,[],False
activity-000541,proposal,True,8,10,10 מפגשים משתלבים באזור סמוך · 29 ק״מ וכ-43 דקות מעבר · 16 דקות המתנה נטו · ניצול חזוי 63% · סדרה יציבה של 10 מפגשים באותו יום ושעה · ציון תפעולי 71.5/100,[],False
activity-000226,live,True,7,11,נלקח מהשיבוץ הפעיל,[],False
activity-000222,live,True,7,11,נלקח מהשיבוץ הפעיל,[],False
activity-000134,live,True,12,12,נלקח מהשיבוץ הפעיל,[],False
activity-000589,missing,False,,10,"נמצאו אפשרויות למדריך, אך כולן חופפות לשיבוצים אחרים. נשמרו ההצעות התקינות של יתר הפעילויות.",[],True
activity-000580,proposal,True,27,10,10 מפגשים משתלבים באותה רשות · 14 ק״מ וכ-19 דקות מעבר · 30 דקות המתנה נטו · ניצול חזוי 8% · סדרה יציבה של 10 מפגשים באותו יום ושעה · ציון תפעולי 84.8/100,[],False
activity-000021,live,True,43,11,נלקח מהשיבוץ הפעיל,[],False
activity-000092,proposal,True,49,14,13 מפגשים משתלבים באותה רשות · 1 מפגשים פותחים יום עבודה חדש · 5 ק״מ וכ-14 דקות מעבר · 29 דקות המתנה נטו · ניצול חזוי 30% · סדרה יציבה של 14 מפגשים באותו יום ושעה · ציון תפעולי 84.2/100,[],False
activity-000032,proposal,True,46,14,3 מפגשים משתלבים באזור סמוך · 11 מפגשים פותחים יום עבודה חדש · 26 ק״מ וכ-36 דקות מעבר · 8 דקות המתנה נטו · ניצול חזוי 17% · סדרה יציבה של 14 מפגשים באותו יום ושעה · ציון תפעולי 52.1/100,[],False
activity-000530,recruitment,False,,10,"לאחר מיצוי אפשרויות הצוות הקיים: נדרש גיוס. הפעילות משויכת לתקן גיוס צפון 1, שמרכז 9 פעילויות לאורך התקופה ללא חפיפה.",[],False
activity-000590,live,True,10,14,נלקח מהשיבוץ הפעיל,[],False
activity-000151,live,True,10,12,נלקח מהשיבוץ הפעיל,"[{""courseId"": ""activity-000151"", ""kind"": ""live"", ""scope"": ""protected-source"", ""code"": ""home_distance_exceeded"", ""distanceKm"": 64.617}]",False
activity-000257,proposal,True,18,8,8 מפגשים פותחים יום עבודה חדש · 41 ק״מ וכ-64 דקות מעבר · ניצול חזוי 29% · סדרה יציבה של 8 מפגשים באותו יום ושעה · ציון תפעולי 40.6/100,[],False
activity-000598,live,True,25,8,נלקח מהשיבוץ הפעיל,[],False
activity-000253,proposal,True,32,10,10 מפגשים פותחים יום עבודה חדש · 4 ק״מ וכ-16 דקות מעבר · ניצול חזוי 49% · סדרה יציבה של 10 מפגשים באותו יום ושעה · ציון תפעולי 51.8/100,[],False
activity-000185,proposal,True,46,14,14 מפגשים משתלבים באותה רשות · 16 ק״מ וכ-26 דקות מעבר · 20 דקות המתנה נטו · ניצול חזוי 25% · סדרה יציבה של 14 מפגשים באותו יום ושעה · ציון תפעולי 84/100,[],False
activity-000252,proposal,True,32,11,11 מפגשים פותחים יום עבודה חדש · 4 ק״מ וכ-16 דקות מעבר · ניצול חזוי 49% · סדרה יציבה של 11 מפגשים באותו יום ושעה · ציון תפעולי 51.8/100,[],False
activity-000028,live,True,45,10,נלקח מהשיבוץ הפעיל,[],False
activity-000609,missing,False,,11,"הסריקה המורחבת לא מצאה שיבוץ מאומת, אך קיימים מועמדים בצוות — לא מסומן לגיוס",[],False
activity-000595,proposal,True,12,1,1 מפגשים פותחים יום עבודה חדש · 6 ק״מ וכ-18 דקות מעבר · ניצול חזוי 89% · סדרה יציבה של 1 מפגשים באותו יום ושעה · ציון תפעולי 51/100,[],False
activity-000596,live,True,4,11,נלקח מהשיבוץ הפעיל,"[{""courseId"": ""activity-000596"", ""kind"": ""live"", ""scope"": ""protected-source"", ""code"": ""home_distance_exceeded"", ""distanceKm"": 51.358}]",False
activity-000260,recruitment,False,,11,"לאחר מיצוי אפשרויות הצוות הקיים: נדרש גיוס. הפעילות משויכת לתקן גיוס צפון 2, שמרכז 2 פעילויות לאורך התקופה ללא חפיפה.",[],False
activity-000105,live,True,45,10,נלקח מהשיבוץ הפעיל,"[{""courseId"": ""activity-000105"", ""kind"": ""live"", ""scope"": ""protected-source"", ""code"": ""transition"", ""date"": ""2026-10-15"", ""empId"": ""45"", ""gap"": 55, ""distanceKm"": 25.271, ""required"": 42}, {""courseId"": ""activity-000105"", ""kind"": ""live"", ""scope"": ""protected-source"", ""code"": ""transition"", ""date"": ""2026-10-22"", ""empId"": ""45"", ""gap"": 55, ""distanceKm"": 25.271, ""required"": 42}, {""courseId"": ""activity-000105"", ""kind"": ""live"", ""scope"": ""protected-source"", ""code"": ""transition"", ""date"": ""2026-10-29"", ""empId"": ""45"", ""gap"": 55, ""distanceKm"": 25.271, ""required"": 42}, {""courseId"": ""activity-000105"", ""kind"": ""live"", ""scope"": ""protected-source"", ""code"": ""transition"", ""date"": ""2026-11-05"", ""empId"": ""45"", ""gap"": 55, ""distanceKm"": 25.271, ""required"": 42}, {""courseId"": ""activity-000105"", ""kind"": ""live"", ""scope"": ""protected-source"", ""code"": ""transition"", ""date"": ""2026-11-12"", ""empId"": ""45"", ""gap"": 55, ""distanceKm"": 25.271, ""required"": 42}, {""courseId"": ""activity-000105"", ""kind"": ""live"", ""scope"": ""protected-source"", ""code"": ""transition"", ""date"": ""2026-11-19"", ""empId"": ""45"", ""gap"": 55, ""distanceKm"": 25.271, ""required"": 42}, {""courseId"": ""activity-000105"", ""kind"": ""live"", ""scope"": ""protected-source"", ""code"": ""transition"", ""date"": ""2026-11-26"", ""empId"": ""45"", ""gap"": 55, ""distanceKm"": 25.271, ""required"": 42}, {""courseId"": ""activity-000105"", ""kind"": ""live"", ""scope"": ""protected-source"", ""code"": ""transition"", ""date"": ""2026-12-03"", ""empId"": ""45"", ""gap"": 55, ""distanceKm"": 25.271, ""required"": 42}, {""courseId"": ""activity-000105"", ""kind"": ""live"", ""scope"": ""protected-source"", ""code"": ""transition"", ""date"": ""2026-12-17"", ""empId"": ""45"", ""gap"": 55, ""distanceKm"": 25.271, ""required"": 42}, {""courseId"": ""activity-000105"", ""kind"": ""live"", ""scope"": ""protected-source"", ""code"": ""transition"", ""date"": ""2027-01-14"", ""empId"": ""45"", ""gap"": 55, ""distanceKm"": 25.271, ""required"": 42}]",False
activity-000261,recruitment,False,,10,"לאחר מיצוי אפשרויות הצוות הקיים: נדרש גיוס. הפעילות משויכת לתקן גיוס צפון 2, שמרכז 2 פעילויות לאורך התקופה ללא חפיפה.",[],False
activity-000587,proposal,True,46,10,החיפוש החדש לא הושלם; נשמר השיבוץ הקיים שעבר מחדש את כל תנאי הסף,"[{""courseId"": ""activity-000587"", ""kind"": ""proposal"", ""scope"": ""generated"", ""code"": ""transition"", ""date"": ""2026-10-12"", ""empId"": ""46"", ""gap"": 150, ""distanceKm"": 30.729, ""required"": 46}, {""courseId"": ""activity-000587"", ""kind"": ""proposal"", ""scope"": ""generated"", ""code"": ""transition"", ""date"": ""2026-10-19"", ""empId"": ""46"", ""gap"": 150, ""distanceKm"": 30.729, ""required"": 46}, {""courseId"": ""activity-000587"", ""kind"": ""proposal"", ""scope"": ""generated"", ""code"": ""transition"", ""date"": ""2026-10-26"", ""empId"": ""46"", ""gap"": 150, ""distanceKm"": 30.729, ""required"": 46}, {""courseId"": ""activity-000587"", ""kind"": ""proposal"", ""scope"": ""generated"", ""code"": ""transition"", ""date"": ""2026-11-02"", ""empId"": ""46"", ""gap"": 150, ""distanceKm"": 30.729, ""required"": 46}, {""courseId"": ""activity-000587"", ""kind"": ""proposal"", ""scope"": ""generated"", ""code"": ""transition"", ""date"": ""2026-11-09"", ""empId"": ""46"", ""gap"": 150, ""distanceKm"": 30.729, ""required"": 46}, {""courseId"": ""activity-000587"", ""kind"": ""proposal"", ""scope"": ""generated"", ""code"": ""transition"", ""date"": ""2026-11-16"", ""empId"": ""46"", ""gap"": 150, ""distanceKm"": 30.729, ""required"": 46}, {""courseId"": ""activity-000587"", ""kind"": ""proposal"", ""scope"": ""generated"", ""code"": ""transition"", ""date"": ""2026-11-23"", ""empId"": ""46"", ""gap"": 150, ""distanceKm"": 30.729, ""required"": 46}, {""courseId"": ""activity-000587"", ""kind"": ""proposal"", ""scope"": ""generated"", ""code"": ""transition"", ""date"": ""2026-11-30"", ""empId"": ""46"", ""gap"": 150, ""distanceKm"": 30.729, ""required"": 46}, {""courseId"": ""activity-000587"", ""kind"": ""proposal"", ""scope"": ""generated"", ""code"": ""transition"", ""date"": ""2026-12-14"", ""empId"": ""46"", ""gap"": 150, ""distanceKm"": 30.729, ""required"": 46}, {""courseId"": ""activity-000587"", ""kind"": ""proposal"", ""scope"": ""generated"", ""code"": ""transition"", ""date"": ""2026-12-21"", ""empId"": ""46"", ""gap"": 150, ""distanceKm"": 30.729, ""required"": 46}]",False
activity-000585,missing,False,,10,"הסריקה המורחבת לא מצאה שיבוץ מאומת, אך קיימים מועמדים בצוות — לא מסומן לגיוס",[],False
activity-000552,recruitment,False,,14,"לאחר מיצוי אפשרויות הצוות הקיים: נדרש גיוס. הפעילות משויכת לתקן גיוס צפון 1, שמרכז 9 פעילויות לאורך התקופה ללא חפיפה.",[],False
activity-000568,live,True,12,14,נלקח מהשיבוץ הפעיל,[],False
activity-000146,live,True,49,14,נלקח מהשיבוץ הפעיל,[],False
activity-000516,proposal,True,47,14,14 מפגשים פותחים יום עבודה חדש · 73 ק״מ וכ-74 דקות מעבר · ניצול חזוי 15% · סדרה יציבה של 14 מפגשים באותו יום ושעה · ציון תפעולי 31/100,[],False
activity-000602,live,True,35,8,נלקח מהשיבוץ הפעיל,[],False
activity-000220,live,True,43,9,נלקח מהשיבוץ הפעיל,[],False
activity-000520,proposal,True,48,10,החיפוש החדש לא הושלם; נשמר השיבוץ הקיים שעבר מחדש את כל תנאי הסף,[],False
activity-000168,missing,False,,14,"נמצאו אפשרויות למדריך, אך כולן חופפות לשיבוצים אחרים. נשמרו ההצעות התקינות של יתר הפעילויות.",[],False
activity-000198,live,True,45,10,נלקח מהשיבוץ הפעיל,[],False
activity-000545,live,True,45,11,נלקח מהשיבוץ הפעיל,[],False
activity-000532,proposal,True,25,11,11 מפגשים פותחים יום עבודה חדש · 58 ק״מ וכ-70 דקות מעבר · ניצול חזוי 11% · סדרה יציבה של 11 מפגשים באותו יום ושעה · ציון תפעולי 35.8/100,[],False
activity-000243,proposal,True,48,14,13 מפגשים פותחים יום עבודה חדש · 42 ק״מ וכ-60 דקות מעבר · ניצול חזוי 8% · סדרה יציבה של 14 מפגשים באותו יום ושעה · ציון תפעולי 41.4/100,[],False
activity-000542,missing,False,,10,"נמצאו אפשרויות למדריך, אך כולן חופפות לשיבוצים אחרים. נשמרו ההצעות התקינות של יתר הפעילויות.",[],True
activity-000035,proposal,True,32,11,11 מפגשים פותחים יום עבודה חדש · 27 ק״מ וכ-28 דקות מעבר · ניצול חזוי 3% · סדרה יציבה של 11 מפגשים באותו יום ושעה · ציון תפעולי 64.5/100,[],False
activity-000137,live,True,46,10,נלקח מהשיבוץ הפעיל,[],False
activity-000561,live,True,12,11,נלקח מהשיבוץ הפעיל,[],False
activity-000614,recruitment,False,,8,"לאחר מיצוי אפשרויות הצוות הקיים: נדרש גיוס. הפעילות משויכת לתקן גיוס צפון 1, שמרכז 9 פעילויות לאורך התקופה ללא חפיפה.",[],False
activity-000166,proposal,True,30,11,11 מפגשים פותחים יום עבודה חדש · 11 ק״מ וכ-18 דקות מעבר · ניצול חזוי 34% · סדרה יציבה של 11 מפגשים באותו יום ושעה · ציון תפעולי 51/100,[],False
activity-000594,missing,False,,14,"הסריקה המורחבת לא מצאה שיבוץ מאומת, אך קיימים מועמדים בצוות — לא מסומן לגיוס",[],False
activity-000069,proposal,True,8,11,10 מפגשים משתלבים באזור סמוך · 1 מפגשים פותחים יום עבודה חדש · 41 ק״מ וכ-46 דקות מעבר · 197 דקות המתנה נטו · ניצול חזוי 27% · סדרה יציבה של 11 מפגשים באותו יום ושעה · ציון תפעולי 60.6/100,[],False
activity-000581,proposal,True,10,10,10 מפגשים פותחים יום עבודה חדש · 67 ק״מ וכ-73 דקות מעבר · ניצול חזוי 28% · סדרה יציבה של 10 מפגשים באותו יום ושעה · ציון תפעולי 35/100,[],False
activity-000041,live,True,18,10,נלקח מהשיבוץ הפעיל,[],False
activity-000024,live,True,7,7,נלקח מהשיבוץ הפעיל,"[{""courseId"": ""activity-000024"", ""kind"": ""live"", ""scope"": ""protected-source"", ""code"": ""official_schedule_changed"", ""meetingNo"": 8}, {""courseId"": ""activity-000024"", ""kind"": ""live"", ""scope"": ""protected-source"", ""code"": ""official_schedule_changed"", ""meetingNo"": 9}, {""courseId"": ""activity-000024"", ""kind"": ""live"", ""scope"": ""protected-source"", ""code"": ""official_schedule_changed"", ""meetingNo"": 10}, {""courseId"": ""activity-000024"", ""kind"": ""live"", ""scope"": ""protected-source"", ""code"": ""official_schedule_changed"", ""meetingNo"": 11}]",False
activity-000249,live,True,41,11,נלקח מהשיבוץ הפעיל,[],False
activity-000248,live,True,41,11,נלקח מהשיבוץ הפעיל,[],False
activity-000005,proposal,True,10,8,החיפוש החדש לא הושלם; נשמר השיבוץ הקיים שעבר מחדש את כל תנאי הסף,[],False
activity-000244,live,True,4,10,נלקח מהשיבוץ הפעיל,[],False
activity-000025,live,True,7,7,נלקח מהשיבוץ הפעיל,"[{""courseId"": ""activity-000025"", ""kind"": ""live"", ""scope"": ""protected-source"", ""code"": ""official_schedule_changed"", ""meetingNo"": 8}, {""courseId"": ""activity-000025"", ""kind"": ""live"", ""scope"": ""protected-source"", ""code"": ""official_schedule_changed"", ""meetingNo"": 9}, {""courseId"": ""activity-000025"", ""kind"": ""live"", ""scope"": ""protected-source"", ""code"": ""official_schedule_changed"", ""meetingNo"": 10}, {""courseId"": ""activity-000025"", ""kind"": ""live"", ""scope"": ""protected-source"", ""code"": ""official_schedule_changed"", ""meetingNo"": 11}]",False
activity-000593,proposal,True,10,14,14 מפגשים פותחים יום עבודה חדש · 21 ק״מ וכ-45 דקות מעבר · ניצול חזוי 41% · סדרה יציבה של 14 מפגשים באותו יום ושעה · ציון תפעולי 45.4/100,[],False
activity-000592,missing,False,,14,"נמצאו אפשרויות למדריך, אך כולן חופפות לשיבוצים אחרים. נשמרו ההצעות התקינות של יתר הפעילויות.",[],False
activity-000574,live,True,25,14,נלקח מהשיבוץ הפעיל,[],False
activity-000606,live,True,35,8,נלקח מהשיבוץ הפעיל,"[{""courseId"": ""activity-000606"", ""kind"": ""live"", ""scope"": ""protected-source"", ""code"": ""home_distance_exceeded"", ""distanceKm"": 51.384}]",False
activity-000620,missing,False,,11,"נמצאו אפשרויות למדריך, אך כולן חופפות לשיבוצים אחרים. נשמרו ההצעות התקינות של יתר הפעילויות.",[],True
activity-000540,live,True,18,8,נלקח מהשיבוץ הפעיל,[],False
activity-000143,missing,False,,14,"נמצאו אפשרויות למדריך, אך כולן חופפות לשיבוצים אחרים. נשמרו ההצעות התקינות של יתר הפעילויות.",[],False
activity-000599,recruitment,False,,8,"לאחר מיצוי אפשרויות הצוות הקיים: נדרש גיוס. הפעילות משויכת לתקן גיוס דרום 1, שמרכז 2 פעילויות לאורך התקופה ללא חפיפה.",[],False
activity-000559,live,True,45,9,נלקח מהשיבוץ הפעיל,[],False
activity-000123,proposal,True,8,11,11 מפגשים פותחים יום עבודה חדש · 41 ק״מ וכ-46 דקות מעבר · ניצול חזוי 50% · סדרה יציבה של 11 מפגשים באותו יום ושעה · ציון תפעולי 41.4/100,[],False
activity-000497,live,True,4,11,נלקח מהשיבוץ הפעיל,"[{""courseId"": ""activity-000497"", ""kind"": ""live"", ""scope"": ""protected-source"", ""code"": ""home_distance_exceeded"", ""distanceKm"": 51.358}]",False
activity-000525,proposal,True,37,14,14 מפגשים פותחים יום עבודה חדש · 75 ק״מ וכ-84 דקות מעבר · ניצול חזוי 6% · סדרה יציבה של 14 מפגשים באותו יום ושעה · ציון תפעולי 45.3/100,[],False
activity-000504,proposal,True,32,8,8 מפגשים פותחים יום עבודה חדש · 47 ק״מ וכ-52 דקות מעבר · ניצול חזוי 8% · סדרה יציבה של 8 מפגשים באותו יום ושעה · ציון תפעולי 39/100,[],False
activity-000622,missing,False,,11,"נמצאו אפשרויות למדריך, אך כולן חופפות לשיבוצים אחרים. נשמרו ההצעות התקינות של יתר הפעילויות.",[],True
activity-000247,proposal,True,41,11,11 מפגשים פותחים יום עבודה חדש · 18 ק״מ וכ-42 דקות מעבר · ניצול חזוי 24% · סדרה יציבה של 11 מפגשים באותו יום ושעה · ציון תפעולי 45.4/100,[],False
activity-000246,proposal,True,41,11,11 מפגשים פותחים יום עבודה חדש · 18 ק״מ וכ-42 דקות מעבר · ניצול חזוי 24% · סדרה יציבה של 11 מפגשים באותו יום ושעה · ציון תפעולי 45.4/100,[],False
activity-000254,proposal,True,4,10,10 מפגשים משתלבים באותה רשות · 3 ק״מ וכ-14 דקות מעבר · 7 דקות המתנה נטו · ניצול חזוי 58% · סדרה יציבה של 10 מפגשים באותו יום ושעה · ציון תפעולי 87.6/100,[],False
activity-000533,recruitment,False,,14,"לאחר מיצוי אפשרויות הצוות הקיים: נדרש גיוס. הפעילות משויכת לתקן גיוס דרום 1, שמרכז 2 פעילויות לאורך התקופה ללא חפיפה.",[],False
activity-000526,proposal,True,4,14,14 מפגשים פותחים יום עבודה חדש · 75 ק״מ וכ-84 דקות מעבר · ניצול חזוי 6% · סדרה יציבה של 14 מפגשים באותו יום ושעה · ציון תפעולי 45.3/100,[],False
activity-000583,proposal,True,10,10,החיפוש החדש לא הושלם; נשמר השיבוץ הקיים שעבר מחדש את כל תנאי הסף,[],False
activity-000020,live,True,7,7,נלקח מהשיבוץ הפעיל,"[{""courseId"": ""activity-000020"", ""kind"": ""live"", ""scope"": ""protected-source"", ""code"": ""official_schedule_changed"", ""meetingNo"": 8}, {""courseId"": ""activity-000020"", ""kind"": ""live"", ""scope"": ""protected-source"", ""code"": ""official_schedule_changed"", ""meetingNo"": 9}, {""courseId"": ""activity-000020"", ""kind"": ""live"", ""scope"": ""protected-source"", ""code"": ""official_schedule_changed"", ""meetingNo"": 10}, {""courseId"": ""activity-000020"", ""kind"": ""live"", ""scope"": ""protected-source"", ""code"": ""official_schedule_changed"", ""meetingNo"": 11}]",False
activity-000544,live,True,18,11,נלקח מהשיבוץ הפעיל,[],False
activity-000505,proposal,True,37,8,8 מפגשים פותחים יום עבודה חדש · 47 ק״מ וכ-52 דקות מעבר · ניצול חזוי 8% · סדרה יציבה של 8 מפגשים באותו יום ושעה · ציון תפעולי 39/100,[],False
activity-000612,proposal,True,35,8,7 מפגשים משתלבים באותה רשות · 1 מפגשים פותחים יום עבודה חדש · 5 ק״מ וכ-14 דקות מעבר · 27 דקות המתנה נטו · ניצול חזוי 39% · סדרה יציבה של 8 מפגשים באותו יום ושעה · ציון תפעולי 81.7/100,[],False
activity-000115,proposal,True,10,14,14 מפגשים פותחים יום עבודה חדש · 67 ק״מ וכ-73 דקות מעבר · ניצול חזוי 23% · סדרה יציבה של 14 מפגשים באותו יום ושעה · ציון תפעולי 35/100,[],False
activity-000591,live,True,27,14,נלקח מהשיבוץ הפעיל,[],False
activity-000527,proposal,True,4,14,14 מפגשים פותחים יום עבודה חדש · 75 ק״מ וכ-84 דקות מעבר · ניצול חזוי 6% · סדרה יציבה של 14 מפגשים באותו יום ושעה · ציון תפעולי 45.3/100,[],False
activity-000251,proposal,True,35,14,13 מפגשים פותחים יום עבודה חדש · 19 ק״מ וכ-26 דקות מעבר · ניצול חזוי 28% · סדרה יציבה של 14 מפגשים באותו יום ושעה · ציון תפעולי 48.6/100,[],False
activity-000528,missing,False,,14,"נמצאו אפשרויות למדריך, אך כולן חופפות לשיבוצים אחרים. נשמרו ההצעות התקינות של יתר הפעילויות.",[],True
activity-000600,live,True,8,6,נלקח מהשיבוץ הפעיל · 2 מפגשים סותרים את זמינות המדריך,"[{""courseId"": ""activity-000600"", ""kind"": ""live"", ""scope"": ""protected-source"", ""code"": ""official_schedule_changed"", ""meetingNo"": 7}, {""courseId"": ""activity-000600"", ""kind"": ""live"", ""scope"": ""protected-source"", ""code"": ""official_schedule_changed"", ""meetingNo"": 8}, {""courseId"": ""activity-000600"", ""kind"": ""live"", ""scope"": ""protected-source"", ""code"": ""availability"", ""date"": ""2027-01-25"", ""empId"": ""8""}, {""courseId"": ""activity-000600"", ""kind"": ""live"", ""scope"": ""protected-source"", ""code"": ""availability"", ""date"": ""2027-02-01"", ""empId"": ""8""}]",False
activity-000250,proposal,True,35,14,13 מפגשים פותחים יום עבודה חדש · 19 ק״מ וכ-26 דקות מעבר · ניצול חזוי 28% · סדרה יציבה של 14 מפגשים באותו יום ושעה · ציון תפעולי 48.6/100,[],False
activity-000577,live,True,8,11,נלקח מהשיבוץ הפעיל,[],False
activity-000610,proposal,True,43,8,8 מפגשים פותחים יום עבודה חדש · 9 ק״מ וכ-25 דקות מעבר · ניצול חזוי 36% · סדרה יציבה של 8 מפגשים באותו יום ושעה · ציון תפעולי 49.4/100,[],False
activity-000245,live,True,4,10,נלקח מהשיבוץ הפעיל,[],False
activity-000586,proposal,True,10,10,החיפוש החדש לא הושלם; נשמר השיבוץ הקיים שעבר מחדש את כל תנאי הסף,[],False
activity-000241,missing,False,,11,"נמצאו אפשרויות למדריך, אך כולן חופפות לשיבוצים אחרים. נשמרו ההצעות התקינות של יתר הפעילויות.",[],False
activity-000499,live,True,30,14,נלקח מהשיבוץ הפעיל,[],False
activity-000571,live,True,12,14,נלקח מהשיבוץ הפעיל,[],False
activity-000554,live,True,4,10,נלקח מהשיבוץ הפעיל,"[{""courseId"": ""activity-000554"", ""kind"": ""live"", ""scope"": ""protected-source"", ""code"": ""home_distance_exceeded"", ""distanceKm"": 99.05}, {""courseId"": ""activity-000554"", ""kind"": ""live"", ""scope"": ""protected-source"", ""code"": ""transition"", ""date"": ""2026-10-06"", ""empId"": ""4"", ""gap"": 10, ""distanceKm"": 74.799, ""required"": 83}, {""courseId"": ""activity-000554"", ""kind"": ""live"", ""scope"": ""protected-source"", ""code"": ""transition"", ""date"": ""2026-10-13"", ""empId"": ""4"", ""gap"": 10, ""distanceKm"": 74.799, ""required"": 83}, {""courseId"": ""activity-000554"", ""kind"": ""live"", ""scope"": ""protected-source"", ""code"": ""transition"", ""date"": ""2026-10-20"", ""empId"": ""4"", ""gap"": 10, ""distanceKm"": 74.799, ""required"": 83}, {""courseId"": ""activity-000554"", ""kind"": ""live"", ""scope"": ""protected-source"", ""code"": ""transition"", ""date"": ""2026-11-03"", ""empId"": ""4"", ""gap"": 10, ""distanceKm"": 74.799, ""required"": 83}, {""courseId"": ""activity-000554"", ""kind"": ""live"", ""scope"": ""protected-source"", ""code"": ""transition"", ""date"": ""2026-11-10"", ""empId"": ""4"", ""gap"": 10, ""distanceKm"": 74.799, ""required"": 83}, {""courseId"": ""activity-000554"", ""kind"": ""live"", ""scope"": ""protected-source"", ""code"": ""transition"", ""date"": ""2026-11-17"", ""empId"": ""4"", ""gap"": 10, ""distanceKm"": 74.799, ""required"": 83}, {""courseId"": ""activity-000554"", ""kind"": ""live"", ""scope"": ""protected-source"", ""code"": ""transition"", ""date"": ""2026-11-24"", ""empId"": ""4"", ""gap"": 10, ""distanceKm"": 74.799, ""required"": 83}, {""courseId"": ""activity-000554"", ""kind"": ""live"", ""scope"": ""protected-source"", ""code"": ""transition"", ""date"": ""2026-12-01"", ""empId"": ""4"", ""gap"": 10, ""distanceKm"": 74.799, ""required"": 83}, {""courseId"": ""activity-000554"", ""kind"": ""live"", ""scope"": ""protected-source"", ""code"": ""transition"", ""date"": ""2026-12-08"", ""empId"": ""4"", ""gap"": 10, ""distanceKm"": 74.799, ""required"": 83}, {""courseId"": ""activity-000554"", ""kind"": ""live"", ""scope"": ""protected-source"", ""code"": ""transition"", ""date"": ""2026-12-15"", ""empId"": ""4"", ""gap"": 10, ""distanceKm"": 74.799, ""required"": 83}]",False
activity-000242,missing,False,,11,"נמצאו אפשרויות למדריך, אך כולן חופפות לשיבוצים אחרים. נשמרו ההצעות התקינות של יתר הפעילויות.",[],False
activity-000121,live,True,43,11,נלקח מהשיבוץ הפעיל,[],False
activity-000601,live,True,18,8,נלקח מהשיבוץ הפעיל,[],False
activity-000239,proposal,True,37,11,החיפוש החדש לא הושלם; נשמר השיבוץ הקיים שעבר מחדש את כל תנאי הסף,"[{""courseId"": ""activity-000239"", ""kind"": ""proposal"", ""scope"": ""generated"", ""code"": ""transition"", ""date"": ""2026-10-12"", ""empId"": ""37"", ""gap"": 150, ""distanceKm"": 24.932, ""required"": 44}, {""courseId"": ""activity-000239"", ""kind"": ""proposal"", ""scope"": ""generated"", ""code"": ""transition"", ""date"": ""2026-10-19"", ""empId"": ""37"", ""gap"": 150, ""distanceKm"": 24.932, ""required"": 44}, {""courseId"": ""activity-000239"", ""kind"": ""proposal"", ""scope"": ""generated"", ""code"": ""transition"", ""date"": ""2026-10-26"", ""empId"": ""37"", ""gap"": 150, ""distanceKm"": 24.932, ""required"": 44}, {""courseId"": ""activity-000239"", ""kind"": ""proposal"", ""scope"": ""generated"", ""code"": ""transition"", ""date"": ""2026-11-02"", ""empId"": ""37"", ""gap"": 150, ""distanceKm"": 24.932, ""required"": 44}, {""courseId"": ""activity-000239"", ""kind"": ""proposal"", ""scope"": ""generated"", ""code"": ""transition"", ""date"": ""2026-11-09"", ""empId"": ""37"", ""gap"": 150, ""distanceKm"": 24.932, ""required"": 44}, {""courseId"": ""activity-000239"", ""kind"": ""proposal"", ""scope"": ""generated"", ""code"": ""transition"", ""date"": ""2026-11-16"", ""empId"": ""37"", ""gap"": 150, ""distanceKm"": 24.932, ""required"": 44}, {""courseId"": ""activity-000239"", ""kind"": ""proposal"", ""scope"": ""generated"", ""code"": ""transition"", ""date"": ""2026-11-23"", ""empId"": ""37"", ""gap"": 150, ""distanceKm"": 24.932, ""required"": 44}, {""courseId"": ""activity-000239"", ""kind"": ""proposal"", ""scope"": ""generated"", ""code"": ""transition"", ""date"": ""2026-11-30"", ""empId"": ""37"", ""gap"": 150, ""distanceKm"": 24.932, ""required"": 44}]",False
activity-000240,missing,False,,11,"נמצאו אפשרויות למדריך, אך כולן חופפות לשיבוצים אחרים. נשמרו ההצעות התקינות של יתר הפעילויות.",[],False
activity-000181,live,True,43,11,נלקח מהשיבוץ הפעיל,[],False
activity-000106,live,True,10,14,נלקח מהשיבוץ הפעיל,"[{""courseId"": ""activity-000106"", ""kind"": ""live"", ""scope"": ""protected-source"", ""code"": ""home_distance_exceeded"", ""distanceKm"": 64.617}]",False
activity-000017,live,True,43,11,נלקח מהשיבוץ הפעיל,[],False
activity-000513,proposal,True,47,10,7 מפגשים משתלבים באותה רשות · 3 מפגשים פותחים יום עבודה חדש · 43 ק״מ וכ-52 דקות מעבר · 78 דקות המתנה נטו · ניצול חזוי 51% · סדרה יציבה של 10 מפגשים באותו יום ושעה · ציון תפעולי 62.5/100,[],False
activity-000518,missing,False,,10,"נמצאו אפשרויות למדריך, אך כולן חופפות לשיבוצים אחרים. נשמרו ההצעות התקינות של יתר הפעילויות.",[],False
activity-000113,proposal,True,37,11,11 מפגשים משתלבים באזור סמוך · 3 ק״מ וכ-8 דקות מעבר · 22 דקות המתנה נטו · ניצול חזוי 52% · סדרה יציבה של 11 מפגשים באותו יום ושעה · ציון תפעולי 79.5/100,[],False
activity-000619,proposal,True,3,11,החיפוש החדש לא הושלם; נשמר השיבוץ הקיים שעבר מחדש את כל תנאי הסף,[],False
activity-000512,proposal,True,18,14,14 מפגשים פותחים יום עבודה חדש · 28 ק״מ וכ-46 דקות מעבר · ניצול חזוי 36% · סדרה יציבה של 14 מפגשים באותו יום ושעה · ציון תפעולי 44.6/100,[],False
activity-000584,missing,False,,10,"נמצאו אפשרויות למדריך, אך כולן חופפות לשיבוצים אחרים. נשמרו ההצעות התקינות של יתר הפעילויות.",[],False
activity-000611,live,True,35,11,נלקח מהשיבוץ הפעיל,"[{""courseId"": ""activity-000611"", ""kind"": ""live"", ""scope"": ""protected-source"", ""code"": ""home_distance_exceeded"", ""distanceKm"": 68.184}]",False
activity-000575,live,True,25,12,נלקח מהשיבוץ הפעיל,[],False
activity-000189,proposal,True,4,11,11 מפגשים משתלבים באותה רשות · 0 ק״מ וכ-0 דקות מעבר · 30 דקות המתנה נטו · ניצול חזוי 58% · סדרה יציבה של 11 מפגשים באותו יום ושעה · ציון תפעולי 89.6/100,[],False
activity-000498,live,True,25,14,נלקח מהשיבוץ הפעיל,[],False
activity-000055,live,True,43,11,נלקח מהשיבוץ הפעיל,[],False
activity-000607,missing,False,,10,המועד שקבע בית הספר מתנגש בחופשה או בשעת סיום מותרת — נדרש טיפול במועד לפני גיוס,[],False
activity-000228,live,True,45,10,נלקח מהשיבוץ הפעיל,[],False
activity-000546,live,True,18,11,נלקח מהשיבוץ הפעיל,[],False
activity-000529,live,True,3,10,נלקח מהשיבוץ הפעיל · 10 מפגשים סותרים את זמינות המדריך,"[{""courseId"": ""activity-000529"", ""kind"": ""live"", ""scope"": ""protected-source"", ""code"": ""availability"", ""date"": ""2026-11-05"", ""empId"": ""3""}, {""courseId"": ""activity-000529"", ""kind"": ""live"", ""scope"": ""protected-source"", ""code"": ""availability"", ""date"": ""2026-11-12"", ""empId"": ""3""}, {""courseId"": ""activity-000529"", ""kind"": ""live"", ""scope"": ""protected-source"", ""code"": ""availability"", ""date"": ""2026-11-19"", ""empId"": ""3""}, {""courseId"": ""activity-000529"", ""kind"": ""live"", ""scope"": ""protected-source"", ""code"": ""availability"", ""date"": ""2026-11-26"", ""empId"": ""3""}, {""courseId"": ""activity-000529"", ""kind"": ""live"", ""scope"": ""protected-source"", ""code"": ""availability"", ""date"": ""2026-12-03"", ""empId"": ""3""}, {""courseId"": ""activity-000529"", ""kind"": ""live"", ""scope"": ""protected-source"", ""code"": ""availability"", ""date"": ""2026-12-17"", ""empId"": ""3""}, {""courseId"": ""activity-000529"", ""kind"": ""live"", ""scope"": ""protected-source"", ""code"": ""availability"", ""date"": ""2026-12-24"", ""empId"": ""3""}, {""courseId"": ""activity-000529"", ""kind"": ""live"", ""scope"": ""protected-source"", ""code"": ""availability"", ""date"": ""2026-12-31"", ""empId"": ""3""}, {""courseId"": ""activity-000529"", ""kind"": ""live"", ""scope"": ""protected-source"", ""code"": ""availability"", ""date"": ""2027-01-07"", ""empId"": ""3""}, {""courseId"": ""activity-000529"", ""kind"": ""live"", ""scope"": ""protected-source"", ""code"": ""availability"", ""date"": ""2027-01-14"", ""empId"": ""3""}]",False
activity-000019,live,True,43,11,נלקח מהשיבוץ הפעיל,[],False
activity-000572,live,True,8,9,נלקח מהשיבוץ הפעיל,[],False
activity-000573,live,True,12,10,נלקח מהשיבוץ הפעיל,[],False
activity-000550,missing,False,,0,"הסריקה המורחבת לא מצאה שיבוץ מאומת, אך קיימים מועמדים בצוות — לא מסומן לגיוס",[],False
activity-000549,missing,False,,0,"הסריקה המורחבת לא מצאה שיבוץ מאומת, אך קיימים מועמדים בצוות — לא מסומן לגיוס",[],False
activity-000560,proposal,True,47,11,11 מפגשים משתלבים באותה רשות · 30 ק״מ וכ-43 דקות מעבר · 20 דקות המתנה נטו · ניצול חזוי 37% · סדרה יציבה של 11 מפגשים באותו יום ושעה · ציון תפעולי 79.2/100,[],False
activity-000547,missing,False,,0,"הסריקה המורחבת לא מצאה שיבוץ מאומת, אך קיימים מועמדים בצוות — לא מסומן לגיוס",[],False
activity-000548,missing,False,,0,"הסריקה המורחבת לא מצאה שיבוץ מאומת, אך קיימים מועמדים בצוות — לא מסומן לגיוס",[],False
activity-000036,live,True,25,11,נלקח מהשיבוץ הפעיל,[],False
activity-000221,proposal,True,25,11,11 מפגשים פותחים יום עבודה חדש · 49 ק״מ וכ-71 דקות מעבר · ניצול חזוי 32% · סדרה יציבה של 11 מפגשים באותו יום ושעה · ציון תפעולי 38.2/100,[],False
activity-000236,live,True,12,10,נלקח מהשיבוץ הפעיל,[],False
activity-000138,live,True,8,6,נלקח מהשיבוץ הפעיל · 2 מפגשים סותרים את זמינות המדריך,"[{""courseId"": ""activity-000138"", ""kind"": ""live"", ""scope"": ""protected-source"", ""code"": ""official_schedule_changed"", ""meetingNo"": 7}, {""courseId"": ""activity-000138"", ""kind"": ""live"", ""scope"": ""protected-source"", ""code"": ""official_schedule_changed"", ""meetingNo"": 8}, {""courseId"": ""activity-000138"", ""kind"": ""live"", ""scope"": ""protected-source"", ""code"": ""official_schedule_changed"", ""meetingNo"": 9}, {""courseId"": ""activity-000138"", ""kind"": ""live"", ""scope"": ""protected-source"", ""code"": ""official_schedule_changed"", ""meetingNo"": 10}, {""courseId"": ""activity-000138"", ""kind"": ""live"", ""scope"": ""protected-source"", ""code"": ""official_schedule_changed"", ""meetingNo"": 11}, {""courseId"": ""activity-000138"", ""kind"": ""live"", ""scope"": ""protected-source"", ""code"": ""availability"", ""date"": ""2027-01-25"", ""empId"": ""8""}, {""courseId"": ""activity-000138"", ""kind"": ""live"", ""scope"": ""protected-source"", ""code"": ""availability"", ""date"": ""2027-02-01"", ""empId"": ""8""}]",False
activity-000090,live,True,7,11,נלקח מהשיבוץ הפעיל,[],False
activity-000064,live,True,7,7,נלקח מהשיבוץ הפעיל,"[{""courseId"": ""activity-000064"", ""kind"": ""live"", ""scope"": ""protected-source"", ""code"": ""official_schedule_changed"", ""meetingNo"": 8}, {""courseId"": ""activity-000064"", ""kind"": ""live"", ""scope"": ""protected-source"", ""code"": ""official_schedule_changed"", ""meetingNo"": 9}, {""courseId"": ""activity-000064"", ""kind"": ""live"", ""scope"": ""protected-source"", ""code"": ""official_schedule_changed"", ""meetingNo"": 10}, {""courseId"": ""activity-000064"", ""kind"": ""live"", ""scope"": ""protected-source"", ""code"": ""official_schedule_changed"", ""meetingNo"": 11}]",False
activity-000272,live,True,12,10,נלקח מהשיבוץ הפעיל,[],False
activity-000140,live,True,7,11,נלקח מהשיבוץ הפעיל,[],False
activity-000273,live,True,8,6,נלקח מהשיבוץ הפעיל · 1 מפגשים סותרים את זמינות המדריך,"[{""courseId"": ""activity-000273"", ""kind"": ""live"", ""scope"": ""protected-source"", ""code"": ""official_schedule_changed"", ""meetingNo"": 7}, {""courseId"": ""activity-000273"", ""kind"": ""live"", ""scope"": ""protected-source"", ""code"": ""official_schedule_changed"", ""meetingNo"": 8}, {""courseId"": ""activity-000273"", ""kind"": ""live"", ""scope"": ""protected-source"", ""code"": ""availability"", ""date"": ""2027-02-10"", ""empId"": ""8""}]",False
activity-000510,missing,False,,11,"נמצאו אפשרויות למדריך, אך כולן חופפות לשיבוצים אחרים. נשמרו ההצעות התקינות של יתר הפעילויות.",[],False
activity-000553,recruitment,False,,14,"לאחר מיצוי אפשרויות הצוות הקיים: נדרש גיוס. הפעילות משויכת לתקן גיוס צפון 1, שמרכז 9 פעילויות לאורך התקופה ללא חפיפה.",[],False
activity-000523,missing,False,,11,"נמצאו אפשרויות למדריך, אך כולן חופפות לשיבוצים אחרים. נשמרו ההצעות התקינות של יתר הפעילויות.",[],False
activity-000091,live,True,12,10,נלקח מהשיבוץ הפעיל,[],False
activity-000274,live,True,30,14,נלקח מהשיבוץ הפעיל,[],False
activity-000040,live,True,8,6,נלקח מהשיבוץ הפעיל · 1 מפגשים סותרים את זמינות המדריך,"[{""courseId"": ""activity-000040"", ""kind"": ""live"", ""scope"": ""protected-source"", ""code"": ""official_schedule_changed"", ""meetingNo"": 7}, {""courseId"": ""activity-000040"", ""kind"": ""live"", ""scope"": ""protected-source"", ""code"": ""official_schedule_changed"", ""meetingNo"": 8}, {""courseId"": ""activity-000040"", ""kind"": ""live"", ""scope"": ""protected-source"", ""code"": ""official_schedule_changed"", ""meetingNo"": 9}, {""courseId"": ""activity-000040"", ""kind"": ""live"", ""scope"": ""protected-source"", ""code"": ""official_schedule_changed"", ""meetingNo"": 10}, {""courseId"": ""activity-000040"", ""kind"": ""live"", ""scope"": ""protected-source"", ""code"": ""official_schedule_changed"", ""meetingNo"": 11}, {""courseId"": ""activity-000040"", ""kind"": ""live"", ""scope"": ""protected-source"", ""code"": ""official_schedule_changed"", ""meetingNo"": 12}, {""courseId"": ""activity-000040"", ""kind"": ""live"", ""scope"": ""protected-source"", ""code"": ""availability"", ""date"": ""2027-02-10"", ""empId"": ""8""}]",False
activity-000621,proposal,True,3,11,החיפוש החדש לא הושלם; נשמר השיבוץ הקיים שעבר מחדש את כל תנאי הסף,[],False
activity-000543,proposal,True,39,8,8 מפגשים משתלבים באזור סמוך · 29 ק״מ וכ-43 דקות מעבר · 16 דקות המתנה נטו · ניצול חזוי 68% · סדרה יציבה של 8 מפגשים באותו יום ושעה · ציון תפעולי 71.5/100,[],False
activity-000094,recruitment,False,,11,"לאחר מיצוי אפשרויות הצוות הקיים: נדרש גיוס. הפעילות משויכת לתקן גיוס צפון 1, שמרכז 9 פעילויות לאורך התקופה ללא חפיפה.",[],False
activity-000085,live,True,43,10,נלקח מהשיבוץ הפעיל · 1 מפגשים סותרים את זמינות המדריך,"[{""courseId"": ""activity-000085"", ""kind"": ""live"", ""scope"": ""protected-source"", ""code"": ""availability"", ""date"": ""2026-10-14"", ""empId"": ""43""}]",False
activity-000514,live,True,18,10,נלקח מהשיבוץ הפעיל,[],False
activity-000118,fixed-proposal,True,39,10,10 מפגשים מתחברים לרצף באותו בית ספר · 34 ק״מ וכ-41 דקות מעבר · 30 דקות המתנה נטו · ניצול חזוי 31% · סדרה יציבה של 10 מפגשים באותו יום ושעה · ציון תפעולי 87.6/100,[],False
activity-000045,missing,False,,14,"הסריקה המורחבת לא מצאה שיבוץ מאומת, אך קיימים מועמדים בצוות — לא מסומן לגיוס",[],False
activity-000604,proposal,True,3,8,4 מפגשים פותחים יום עבודה חדש · 47 ק״מ וכ-48 דקות מעבר · ניצול חזוי 68% · סדרה יציבה של 8 מפגשים באותו יום ושעה · ציון תפעולי 39.8/100,[],False
activity-000188,live,True,43,10,נלקח מהשיבוץ הפעיל · 1 מפגשים סותרים את זמינות המדריך,"[{""courseId"": ""activity-000188"", ""kind"": ""live"", ""scope"": ""protected-source"", ""code"": ""availability"", ""date"": ""2026-10-14"", ""empId"": ""43""}]",False
activity-000557,live,True,47,8,נלקח מהשיבוץ הפעיל,[],False
activity-000608,live,True,39,8,נלקח מהשיבוץ הפעיל,[],False
activity-000507,live,True,43,8,נלקח מהשיבוץ הפעיל,"[{""courseId"": ""activity-000507"", ""kind"": ""live"", ""scope"": ""protected-source"", ""code"": ""official_schedule_changed"", ""meetingNo"": 9}, {""courseId"": ""activity-000507"", ""kind"": ""live"", ""scope"": ""protected-source"", ""code"": ""official_schedule_changed"", ""meetingNo"": 10}]",False
activity-000506,live,True,43,8,נלקח מהשיבוץ הפעיל,"[{""courseId"": ""activity-000506"", ""kind"": ""live"", ""scope"": ""protected-source"", ""code"": ""official_schedule_changed"", ""meetingNo"": 9}, {""courseId"": ""activity-000506"", ""kind"": ""live"", ""scope"": ""protected-source"", ""code"": ""official_schedule_changed"", ""meetingNo"": 10}]",False
activity-000224,missing,False,,11,"נמצאו אפשרויות למדריך, אך כולן חופפות לשיבוצים אחרים. נשמרו ההצעות התקינות של יתר הפעילויות.",[],False
activity-000139,proposal,True,4,11,11 מפגשים פותחים יום עבודה חדש · 0 ק״מ וכ-0 דקות מעבר · ניצול חזוי 58% · סדרה יציבה של 11 מפגשים באותו יום ושעה · ציון תפעולי 55/100,[],False
activity-000141,live,True,35,10,נלקח מהשיבוץ הפעיל,"[{""courseId"": ""activity-000141"", ""kind"": ""live"", ""scope"": ""protected-source"", ""code"": ""home_distance_exceeded"", ""distanceKm"": 68.184}]",False
activity-000503,proposal,True,25,14,14 מפגשים משתלבים באותה רשות · 26 ק״מ וכ-39 דקות מעבר · 98 דקות המתנה נטו · ניצול חזוי 27% · סדרה יציבה של 14 מפגשים באותו יום ושעה · ציון תפעולי 78.4/100,[],False
activity-000569,proposal,True,47,11,11 מפגשים פותחים יום עבודה חדש · 59 ק״מ וכ-67 דקות מעבר · ניצול חזוי 44% · סדרה יציבה של 11 מפגשים באותו יום ושעה · ציון תפעולי 35.8/100,[],False
activity-000566,live,True,8,11,נלקח מהשיבוץ הפעיל,[],False
activity-000565,live,True,8,11,נלקח מהשיבוץ הפעיל,[],False
activity-000160,live,True,49,14,נלקח מהשיבוץ הפעיל,[],False
activity-000579,live,True,8,11,נלקח מהשיבוץ הפעיל,[],False
activity-000537,live,True,12,11,נלקח מהשיבוץ הפעיל,[],False
activity-000536,live,True,12,11,נלקח מהשיבוץ הפעיל,[],False
activity-000582,proposal,True,10,10,10 מפגשים משתלבים באותה רשות · 33 ק״מ וכ-41 דקות מעבר · 39 דקות המתנה נטו · ניצול חזוי 51% · סדרה יציבה של 10 מפגשים באותו יום ושעה · ציון תפעולי 78.4/100,[],False
activity-000564,proposal,True,47,14,14 מפגשים פותחים יום עבודה חדש · 55 ק״מ וכ-72 דקות מעבר · ניצול חזוי 29% · סדרה יציבה של 14 מפגשים באותו יום ושעה · ציון תפעולי 31.3/100,[],False
activity-000110,live,True,25,11,נלקח מהשיבוץ הפעיל,[],False
activity-000603,live,True,35,8,נלקח מהשיבוץ הפעיל,"[{""courseId"": ""activity-000603"", ""kind"": ""live"", ""scope"": ""protected-source"", ""code"": ""home_distance_exceeded"", ""distanceKm"": 42.852}, {""courseId"": ""activity-000603"", ""kind"": ""live"", ""scope"": ""protected-source"", ""code"": ""transition"", ""date"": ""2026-10-22"", ""empId"": ""35"", ""gap"": 45, ""distanceKm"": 31.393, ""required"": 42}, {""courseId"": ""activity-000603"", ""kind"": ""live"", ""scope"": ""protected-source"", ""code"": ""transition"", ""date"": ""2026-10-29"", ""empId"": ""35"", ""gap"": 45, ""distanceKm"": 31.393, ""required"": 42}, {""courseId"": ""activity-000603"", ""kind"": ""live"", ""scope"": ""protected-source"", ""code"": ""transition"", ""date"": ""2026-11-05"", ""empId"": ""35"", ""gap"": 45, ""distanceKm"": 31.393, ""required"": 42}, {""courseId"": ""activity-000603"", ""kind"": ""live"", ""scope"": ""protected-source"", ""code"": ""transition"", ""date"": ""2026-11-12"", ""empId"": ""35"", ""gap"": 45, ""distanceKm"": 31.393, ""required"": 42}, {""courseId"": ""activity-000603"", ""kind"": ""live"", ""scope"": ""protected-source"", ""code"": ""transition"", ""date"": ""2026-11-19"", ""empId"": ""35"", ""gap"": 45, ""distanceKm"": 31.393, ""required"": 42}, {""courseId"": ""activity-000603"", ""kind"": ""live"", ""scope"": ""protected-source"", ""code"": ""transition"", ""date"": ""2026-11-26"", ""empId"": ""35"", ""gap"": 45, ""distanceKm"": 31.393, ""required"": 42}, {""courseId"": ""activity-000603"", ""kind"": ""live"", ""scope"": ""protected-source"", ""code"": ""transition"", ""date"": ""2026-12-03"", ""empId"": ""35"", ""gap"": 45, ""distanceKm"": 31.393, ""required"": 42}, {""courseId"": ""activity-000603"", ""kind"": ""live"", ""scope"": ""protected-source"", ""code"": ""transition"", ""date"": ""2026-12-17"", ""empId"": ""35"", ""gap"": 45, ""distanceKm"": 31.393, ""required"": 42}]",False
activity-000617,live,True,35,8,נלקח מהשיבוץ הפעיל,"[{""courseId"": ""activity-000617"", ""kind"": ""live"", ""scope"": ""protected-source"", ""code"": ""transition"", ""date"": ""2026-10-28"", ""empId"": ""35"", ""gap"": 135, ""distanceKm"": 24.551, ""required"": 39}, {""courseId"": ""activity-000617"", ""kind"": ""live"", ""scope"": ""protected-source"", ""code"": ""transition"", ""date"": ""2026-11-04"", ""empId"": ""35"", ""gap"": 135, ""distanceKm"": 24.551, ""required"": 39}, {""courseId"": ""activity-000617"", ""kind"": ""live"", ""scope"": ""protected-source"", ""code"": ""transition"", ""date"": ""2026-11-11"", ""empId"": ""35"", ""gap"": 135, ""distanceKm"": 24.551, ""required"": 39}, {""courseId"": ""activity-000617"", ""kind"": ""live"", ""scope"": ""protected-source"", ""code"": ""transition"", ""date"": ""2026-11-18"", ""empId"": ""35"", ""gap"": 135, ""distanceKm"": 24.551, ""required"": 39}, {""courseId"": ""activity-000617"", ""kind"": ""live"", ""scope"": ""protected-source"", ""code"": ""transition"", ""date"": ""2026-11-25"", ""empId"": ""35"", ""gap"": 135, ""distanceKm"": 24.551, ""required"": 39}, {""courseId"": ""activity-000617"", ""kind"": ""live"", ""scope"": ""protected-source"", ""code"": ""transition"", ""date"": ""2026-12-02"", ""empId"": ""35"", ""gap"": 135, ""distanceKm"": 24.551, ""required"": 39}, {""courseId"": ""activity-000617"", ""kind"": ""live"", ""scope"": ""protected-source"", ""code"": ""transition"", ""date"": ""2026-12-16"", ""empId"": ""35"", ""gap"": 135, ""distanceKm"": 24.551, ""required"": 39}]",False
activity-000578,live,True,8,11,נלקח מהשיבוץ הפעיל,[],False
activity-000588,missing,False,,10,"הסריקה המורחבת לא מצאה שיבוץ מאומת, אך קיימים מועמדים בצוות — לא מסומן לגיוס",[],False
activity-000265,proposal,True,34,11,11 מפגשים פותחים יום עבודה חדש · 22 ק״מ וכ-31 דקות מעבר · ניצול חזוי 8% · סדרה יציבה של 11 מפגשים באותו יום ושעה · ציון תפעולי 47.8/100,[],False
activity-000266,proposal,True,34,11,11 מפגשים פותחים יום עבודה חדש · 22 ק״מ וכ-31 דקות מעבר · ניצול חזוי 8% · סדרה יציבה של 11 מפגשים באותו יום ושעה · ציון תפעולי 47.8/100,[],False
activity-000065,fixed-proposal,True,39,10,10 מפגשים פותחים יום עבודה חדש · 69 ק״מ וכ-81 דקות מעבר · ניצול חזוי 20% · סדרה יציבה של 10 מפגשים באותו יום ושעה · ציון תפעולי 35/100,[],False
activity-000193,live,True,8,10,נלקח מהשיבוץ הפעיל,[],False
activity-000613,recruitment,False,,8,"לאחר מיצוי אפשרויות הצוות הקיים: נדרש גיוס. הפעילות משויכת לתקן גיוס צפון 1, שמרכז 9 פעילויות לאורך התקופה ללא חפיפה.",[],False
activity-000277,missing,False,,10,"נמצאו אפשרויות למדריך, אך כולן חופפות לשיבוצים אחרים. נשמרו ההצעות התקינות של יתר הפעילויות.",[],False
activity-000278,proposal,True,41,10,החיפוש החדש לא הושלם; נשמר השיבוץ הקיים שעבר מחדש את כל תנאי הסף,"[{""courseId"": ""activity-000278"", ""kind"": ""proposal"", ""scope"": ""generated"", ""code"": ""friday_not_allowed"", ""date"": ""2026-10-16"", ""empId"": ""41""}, {""courseId"": ""activity-000278"", ""kind"": ""proposal"", ""scope"": ""generated"", ""code"": ""friday_not_allowed"", ""date"": ""2026-10-23"", ""empId"": ""41""}, {""courseId"": ""activity-000278"", ""kind"": ""proposal"", ""scope"": ""generated"", ""code"": ""friday_not_allowed"", ""date"": ""2026-10-30"", ""empId"": ""41""}, {""courseId"": ""activity-000278"", ""kind"": ""proposal"", ""scope"": ""generated"", ""code"": ""friday_not_allowed"", ""date"": ""2026-11-06"", ""empId"": ""41""}, {""courseId"": ""activity-000278"", ""kind"": ""proposal"", ""scope"": ""generated"", ""code"": ""friday_not_allowed"", ""date"": ""2026-11-13"", ""empId"": ""41""}, {""courseId"": ""activity-000278"", ""kind"": ""proposal"", ""scope"": ""generated"", ""code"": ""friday_not_allowed"", ""date"": ""2026-11-20"", ""empId"": ""41""}, {""courseId"": ""activity-000278"", ""kind"": ""proposal"", ""scope"": ""generated"", ""code"": ""friday_not_allowed"", ""date"": ""2026-11-27"", ""empId"": ""41""}, {""courseId"": ""activity-000278"", ""kind"": ""proposal"", ""scope"": ""generated"", ""code"": ""friday_not_allowed"", ""date"": ""2026-12-04"", ""empId"": ""41""}, {""courseId"": ""activity-000278"", ""kind"": ""proposal"", ""scope"": ""generated"", ""code"": ""friday_not_allowed"", ""date"": ""2026-12-11"", ""empId"": ""41""}, {""courseId"": ""activity-000278"", ""kind"": ""proposal"", ""scope"": ""generated"", ""code"": ""friday_not_allowed"", ""date"": ""2026-12-18"", ""empId"": ""41""}]",False
activity-000267,proposal,True,34,11,11 מפגשים פותחים יום עבודה חדש · 22 ק״מ וכ-31 דקות מעבר · ניצול חזוי 8% · סדרה יציבה של 11 מפגשים באותו יום ושעה · ציון תפעולי 47.8/100,[],False
activity-000262,proposal,True,34,10,10 מפגשים משתלבים באזור סמוך · 24 ק״מ וכ-39 דקות מעבר · 126 דקות המתנה נטו · ניצול חזוי 8% · סדרה יציבה של 10 מפגשים באותו יום ושעה · ציון תפעולי 68.7/100,[],False
activity-000495,missing,False,,11,"נמצאו אפשרויות למדריך, אך כולן חופפות לשיבוצים אחרים. נשמרו ההצעות התקינות של יתר הפעילויות.",[],True
activity-000263,proposal,True,34,10,10 מפגשים משתלבים באזור סמוך · 24 ק״מ וכ-39 דקות מעבר · 126 דקות המתנה נטו · ניצול חזוי 8% · סדרה יציבה של 10 מפגשים באותו יום ושעה · ציון תפעולי 68.7/100,"[{""courseId"": ""activity-000263"", ""kind"": ""proposal"", ""scope"": ""generated"", ""code"": ""friday_not_allowed"", ""date"": ""2026-10-16"", ""empId"": ""34""}, {""courseId"": ""activity-000263"", ""kind"": ""proposal"", ""scope"": ""generated"", ""code"": ""friday_not_allowed"", ""date"": ""2026-10-23"", ""empId"": ""34""}, {""courseId"": ""activity-000263"", ""kind"": ""proposal"", ""scope"": ""generated"", ""code"": ""friday_not_allowed"", ""date"": ""2026-10-30"", ""empId"": ""34""}, {""courseId"": ""activity-000263"", ""kind"": ""proposal"", ""scope"": ""generated"", ""code"": ""friday_not_allowed"", ""date"": ""2026-11-06"", ""empId"": ""34""}, {""courseId"": ""activity-000263"", ""kind"": ""proposal"", ""scope"": ""generated"", ""code"": ""friday_not_allowed"", ""date"": ""2026-11-13"", ""empId"": ""34""}, {""courseId"": ""activity-000263"", ""kind"": ""proposal"", ""scope"": ""generated"", ""code"": ""friday_not_allowed"", ""date"": ""2026-11-20"", ""empId"": ""34""}, {""courseId"": ""activity-000263"", ""kind"": ""proposal"", ""scope"": ""generated"", ""code"": ""friday_not_allowed"", ""date"": ""2026-11-27"", ""empId"": ""34""}, {""courseId"": ""activity-000263"", ""kind"": ""proposal"", ""scope"": ""generated"", ""code"": ""friday_not_allowed"", ""date"": ""2026-12-04"", ""empId"": ""34""}, {""courseId"": ""activity-000263"", ""kind"": ""proposal"", ""scope"": ""generated"", ""code"": ""friday_not_allowed"", ""date"": ""2026-12-11"", ""empId"": ""34""}, {""courseId"": ""activity-000263"", ""kind"": ""proposal"", ""scope"": ""generated"", ""code"": ""friday_not_allowed"", ""date"": ""2026-12-18"", ""empId"": ""34""}]",True
activity-000264,proposal,True,34,10,10 מפגשים משתלבים באזור סמוך · 24 ק״מ וכ-39 דקות מעבר · 126 דקות המתנה נטו · ניצול חזוי 8% · סדרה יציבה של 10 מפגשים באותו יום ושעה · ציון תפעולי 68.7/100,"[{""courseId"": ""activity-000264"", ""kind"": ""proposal"", ""scope"": ""generated"", ""code"": ""friday_not_allowed"", ""date"": ""2026-10-16"", ""empId"": ""34""}, {""courseId"": ""activity-000264"", ""kind"": ""proposal"", ""scope"": ""generated"", ""code"": ""friday_not_allowed"", ""date"": ""2026-10-23"", ""empId"": ""34""}, {""courseId"": ""activity-000264"", ""kind"": ""proposal"", ""scope"": ""generated"", ""code"": ""friday_not_allowed"", ""date"": ""2026-10-30"", ""empId"": ""34""}, {""courseId"": ""activity-000264"", ""kind"": ""proposal"", ""scope"": ""generated"", ""code"": ""friday_not_allowed"", ""date"": ""2026-11-06"", ""empId"": ""34""}, {""courseId"": ""activity-000264"", ""kind"": ""proposal"", ""scope"": ""generated"", ""code"": ""friday_not_allowed"", ""date"": ""2026-11-13"", ""empId"": ""34""}, {""courseId"": ""activity-000264"", ""kind"": ""proposal"", ""scope"": ""generated"", ""code"": ""friday_not_allowed"", ""date"": ""2026-11-20"", ""empId"": ""34""}, {""courseId"": ""activity-000264"", ""kind"": ""proposal"", ""scope"": ""generated"", ""code"": ""friday_not_allowed"", ""date"": ""2026-11-27"", ""empId"": ""34""}, {""courseId"": ""activity-000264"", ""kind"": ""proposal"", ""scope"": ""generated"", ""code"": ""friday_not_allowed"", ""date"": ""2026-12-04"", ""empId"": ""34""}, {""courseId"": ""activity-000264"", ""kind"": ""proposal"", ""scope"": ""generated"", ""code"": ""friday_not_allowed"", ""date"": ""2026-12-11"", ""empId"": ""34""}, {""courseId"": ""activity-000264"", ""kind"": ""proposal"", ""scope"": ""generated"", ""code"": ""friday_not_allowed"", ""date"": ""2026-12-18"", ""empId"": ""34""}]",True
activity-000205,live,True,12,14,נלקח מהשיבוץ הפעיל,[],False
activity-000268,proposal,True,32,10,10 מפגשים פותחים יום עבודה חדש · 22 ק״מ וכ-50 דקות מעבר · ניצול חזוי 32% · סדרה יציבה של 10 מפגשים באותו יום ושעה · ציון תפעולי 43.8/100,[],False
activity-000269,proposal,True,32,10,10 מפגשים פותחים יום עבודה חדש · 22 ק״מ וכ-50 דקות מעבר · ניצול חזוי 32% · סדרה יציבה של 10 מפגשים באותו יום ושעה · ציון תפעולי 43.8/100,[],False
activity-000563,live,True,12,11,נלקח מהשיבוץ הפעיל,[],False
activity-000618,live,True,35,11,נלקח מהשיבוץ הפעיל,"[{""courseId"": ""activity-000618"", ""kind"": ""live"", ""scope"": ""protected-source"", ""code"": ""home_distance_exceeded"", ""distanceKm"": 52.981}]",False
activity-000519,recruitment,False,,14,"לאחר מיצוי אפשרויות הצוות הקיים: נדרש גיוס. הפעילות משויכת לתקן גיוס צפון 1, שמרכז 9 פעילויות לאורך התקופה ללא חפיפה.",[],False
activity-000515,missing,False,,11,"נמצאו אפשרויות למדריך, אך כולן חופפות לשיבוצים אחרים. נשמרו ההצעות התקינות של יתר הפעילויות.",[],False
activity-000539,missing,False,,9,"נמצאו אפשרויות למדריך, אך כולן חופפות לשיבוצים אחרים. נשמרו ההצעות התקינות של יתר הפעילויות.",[],False
activity-000270,live,True,41,10,נלקח מהשיבוץ הפעיל,"[{""courseId"": ""activity-000270"", ""kind"": ""live"", ""scope"": ""protected-source"", ""code"": ""home_distance_exceeded"", ""distanceKm"": 55.091}]",False
activity-000149,live,True,43,10,נלקח מהשיבוץ הפעיל,[],False
activity-000061,missing,False,,8,"הסריקה המורחבת לא מצאה שיבוץ מאומת, אך קיימים מועמדים בצוות — לא מסומן לגיוס",[],False
activity-000500,recruitment,False,,10,"לאחר מיצוי אפשרויות הצוות הקיים: נדרש גיוס. הפעילות משויכת לתקן גיוס צפון 1, שמרכז 9 פעילויות לאורך התקופה ללא חפיפה.",[],False
activity-000271,live,True,41,10,נלקח מהשיבוץ הפעיל,"[{""courseId"": ""activity-000271"", ""kind"": ""live"", ""scope"": ""protected-source"", ""code"": ""home_distance_exceeded"", ""distanceKm"": 55.091}]",False
activity-000567,live,True,12,14,נלקח מהשיבוץ הפעיל,[],False
activity-000282,missing,False,,8,"נמצאו אפשרויות למדריך, אך כולן חופפות לשיבוצים אחרים. נשמרו ההצעות התקינות של יתר הפעילויות.",[],False
activity-000232,live,True,45,10,נלקח מהשיבוץ הפעיל,[],False
activity-000018,live,True,8,6,נלקח מהשיבוץ הפעיל · 2 מפגשים סותרים את זמינות המדריך,"[{""courseId"": ""activity-000018"", ""kind"": ""live"", ""scope"": ""protected-source"", ""code"": ""official_schedule_changed"", ""meetingNo"": 7}, {""courseId"": ""activity-000018"", ""kind"": ""live"", ""scope"": ""protected-source"", ""code"": ""official_schedule_changed"", ""meetingNo"": 8}, {""courseId"": ""activity-000018"", ""kind"": ""live"", ""scope"": ""protected-source"", ""code"": ""availability"", ""date"": ""2027-01-25"", ""empId"": ""8""}, {""courseId"": ""activity-000018"", ""kind"": ""live"", ""scope"": ""protected-source"", ""code"": ""availability"", ""date"": ""2027-02-01"", ""empId"": ""8""}]",False
activity-000534,fixed-proposal,True,46,10,4 מפגשים פותחים יום עבודה חדש · 47 ק״מ וכ-57 דקות מעבר · ניצול חזוי 8% · סדרה יציבה של 10 מפגשים באותו יום ושעה · ציון תפעולי 57.3/100,[],False
activity-000517,missing,False,,11,"הסריקה המורחבת לא מצאה שיבוץ מאומת, אך קיימים מועמדים בצוות — לא מסומן לגיוס",[],False
activity-000535,missing,False,,12,"הסריקה המורחבת לא מצאה שיבוץ מאומת, אך קיימים מועמדים בצוות — לא מסומן לגיוס",[],False
activity-000043,missing,False,,11,"נמצאו אפשרויות למדריך, אך כולן חופפות לשיבוצים אחרים. נשמרו ההצעות התקינות של יתר הפעילויות.",[],False
activity-000082,missing,False,,11,"נמצאו אפשרויות למדריך, אך כולן חופפות לשיבוצים אחרים. נשמרו ההצעות התקינות של יתר הפעילויות.",[],False
activity-000511,live,True,3,10,נלקח מהשיבוץ הפעיל,[],False
activity-000524,live,True,3,10,נלקח מהשיבוץ הפעיל,[],False
activity-000275,proposal,True,26,10,10 מפגשים פותחים יום עבודה חדש · 42 ק״מ וכ-56 דקות מעבר · ניצול חזוי 15% · סדרה יציבה של 10 מפגשים באותו יום ושעה · ציון תפעולי 41.4/100,"[{""courseId"": ""activity-000275"", ""kind"": ""proposal"", ""scope"": ""generated"", ""code"": ""saturday_not_allowed"", ""date"": ""2026-10-17""}, {""courseId"": ""activity-000275"", ""kind"": ""proposal"", ""scope"": ""generated"", ""code"": ""saturday_not_allowed"", ""date"": ""2026-10-24""}, {""courseId"": ""activity-000275"", ""kind"": ""proposal"", ""scope"": ""generated"", ""code"": ""saturday_not_allowed"", ""date"": ""2026-10-31""}, {""courseId"": ""activity-000275"", ""kind"": ""proposal"", ""scope"": ""generated"", ""code"": ""saturday_not_allowed"", ""date"": ""2026-11-07""}, {""courseId"": ""activity-000275"", ""kind"": ""proposal"", ""scope"": ""generated"", ""code"": ""saturday_not_allowed"", ""date"": ""2026-11-14""}, {""courseId"": ""activity-000275"", ""kind"": ""proposal"", ""scope"": ""generated"", ""code"": ""saturday_not_allowed"", ""date"": ""2026-11-21""}, {""courseId"": ""activity-000275"", ""kind"": ""proposal"", ""scope"": ""generated"", ""code"": ""saturday_not_allowed"", ""date"": ""2026-11-28""}, {""courseId"": ""activity-000275"", ""kind"": ""proposal"", ""scope"": ""generated"", ""code"": ""saturday_not_allowed"", ""date"": ""2026-12-05""}, {""courseId"": ""activity-000275"", ""kind"": ""proposal"", ""scope"": ""generated"", ""code"": ""saturday_not_allowed"", ""date"": ""2026-12-12""}, {""courseId"": ""activity-000275"", ""kind"": ""proposal"", ""scope"": ""generated"", ""code"": ""saturday_not_allowed"", ""date"": ""2026-12-19""}]",False
activity-000276,missing,False,,10,"נמצאו אפשרויות למדריך, אך כולן חופפות לשיבוצים אחרים. נשמרו ההצעות התקינות של יתר הפעילויות.",[],False
activity-000279,missing,False,,10,"נמצאו אפשרויות למדריך, אך כולן חופפות לשיבוצים אחרים. נשמרו ההצעות התקינות של יתר הפעילויות.",[],False
activity-000280,missing,False,,8,"נמצאו אפשרויות למדריך, אך כולן חופפות לשיבוצים אחרים. נשמרו ההצעות התקינות של יתר הפעילויות.",[],False
activity-000281,missing,False,,8,"נמצאו אפשרויות למדריך, אך כולן חופפות לשיבוצים אחרים. נשמרו ההצעות התקינות של יתר הפעילויות.",[],False
activity-000002,proposal,True,37,11,החיפוש החדש לא הושלם; נשמר השיבוץ הקיים שעבר מחדש את כל תנאי הסף,[],False
activity-000576,live,True,25,14,נלקח מהשיבוץ הפעיל,"[{""courseId"": ""activity-000576"", ""kind"": ""live"", ""scope"": ""protected-source"", ""code"": ""calendar_end_time"", ""date"": ""2027-03-22""}]",False
