empId,active,includedInEngine,profilePresent,activities,meetings,hours,declaredAvailableHours,utilizationRatio,denominator
17,False,False,False,0,0,0,0,,Exact weekly windows plus date exceptions over year period; not reduced by sector-specific school holidays; no inferred availability
11,False,False,False,0,0,0,0,,Exact weekly windows plus date exceptions over year period; not reduced by sector-specific school holidays; no inferred availability
14,False,False,False,0,0,0,0,,Exact weekly windows plus date exceptions over year period; not reduced by sector-specific school holidays; no inferred availability
6,False,False,False,0,0,0,0,,Exact weekly windows plus date exceptions over year period; not reduced by sector-specific school holidays; no inferred availability
21,False,False,False,0,0,0,0,,Exact weekly windows plus date exceptions over year period; not reduced by sector-specific school holidays; no inferred availability
1,False,False,True,0,0,0,1691,0,Exact weekly windows plus date exceptions over year period; not reduced by sector-specific school holidays; no inferred availability
18,True,True,True,9,88,129.16666666666677,1218,0.10604816639299407,Exact weekly windows plus date exceptions over year period; not reduced by sector-specific school holidays; no inferred availability
16,False,False,True,0,0,0,1519,0,Exact weekly windows plus date exceptions over year period; not reduced by sector-specific school holidays; no inferred availability
3,True,True,True,8,81,120.66666666666671,953,0.12661769849597768,Exact weekly windows plus date exceptions over year period; not reduced by sector-specific school holidays; no inferred availability
10,True,True,True,11,130,197.33333333333331,1425.5,0.1384309598971121,Exact weekly windows plus date exceptions over year period; not reduced by sector-specific school holidays; no inferred availability
13,False,False,False,0,0,0,0,,Exact weekly windows plus date exceptions over year period; not reduced by sector-specific school holidays; no inferred availability
23,False,False,False,0,0,0,0,,Exact weekly windows plus date exceptions over year period; not reduced by sector-specific school holidays; no inferred availability
9,False,False,False,0,0,0,0,,Exact weekly windows plus date exceptions over year period; not reduced by sector-specific school holidays; no inferred availability
19,False,False,False,0,0,0,0,,Exact weekly windows plus date exceptions over year period; not reduced by sector-specific school holidays; no inferred availability
5,False,False,False,0,0,0,0,,Exact weekly windows plus date exceptions over year period; not reduced by sector-specific school holidays; no inferred availability
15,False,False,False,0,0,0,0,,Exact weekly windows plus date exceptions over year period; not reduced by sector-specific school holidays; no inferred availability
2,False,False,False,0,0,0,0,,Exact weekly windows plus date exceptions over year period; not reduced by sector-specific school holidays; no inferred availability
20,False,False,False,0,0,0,0,,Exact weekly windows plus date exceptions over year period; not reduced by sector-specific school holidays; no inferred availability
8,True,True,True,17,148,257,1418.75,0.1811453744493392,Exact weekly windows plus date exceptions over year period; not reduced by sector-specific school holidays; no inferred availability
12,True,True,True,17,166,288.4166666666664,1519,0.18987272328286137,Exact weekly windows plus date exceptions over year period; not reduced by sector-specific school holidays; no inferred availability
22,False,False,True,0,0,0,0,,Exact weekly windows plus date exceptions over year period; not reduced by sector-specific school holidays; no inferred availability
7,True,True,True,13,127,254,1432,0.17737430167597765,Exact weekly windows plus date exceptions over year period; not reduced by sector-specific school holidays; no inferred availability
24,False,False,False,0,0,0,0,,Exact weekly windows plus date exceptions over year period; not reduced by sector-specific school holidays; no inferred availability
4,True,True,True,11,123,191.83333333333334,1519,0.1262892253675664,Exact weekly windows plus date exceptions over year period; not reduced by sector-specific school holidays; no inferred availability
45,True,True,True,9,86,125.75,1736,0.07243663594470046,Exact weekly windows plus date exceptions over year period; not reduced by sector-specific school holidays; no inferred availability
35,True,True,True,11,101,154.58333333333323,1830.75,0.08443716145477713,Exact weekly windows plus date exceptions over year period; not reduced by sector-specific school holidays; no inferred availability
40,False,False,True,0,0,0,1519,0,Exact weekly windows plus date exceptions over year period; not reduced by sector-specific school holidays; no inferred availability
28,False,False,True,0,0,0,696,0,Exact weekly windows plus date exceptions over year period; not reduced by sector-specific school holidays; no inferred availability
31,False,False,True,0,0,0,0,,Exact weekly windows plus date exceptions over year period; not reduced by sector-specific school holidays; no inferred availability
29,False,False,True,0,0,0,0,,Exact weekly windows plus date exceptions over year period; not reduced by sector-specific school holidays; no inferred availability
30,True,True,True,3,39,53.83333333333336,344,0.15649224806201556,Exact weekly windows plus date exceptions over year period; not reduced by sector-specific school holidays; no inferred availability
25,True,True,True,10,120,177.66666666666652,1430.5,0.12419899801934045,Exact weekly windows plus date exceptions over year period; not reduced by sector-specific school holidays; no inferred availability
34,True,True,True,9,99,148.5,2470,0.060121457489878544,Exact weekly windows plus date exceptions over year period; not reduced by sector-specific school holidays; no inferred availability
32,True,True,True,7,71,106.5,2514,0.042362768496420046,Exact weekly windows plus date exceptions over year period; not reduced by sector-specific school holidays; no inferred availability
44,False,False,True,0,0,0,996,0,Exact weekly windows plus date exceptions over year period; not reduced by sector-specific school holidays; no inferred availability
41,True,True,True,8,84,126.83333333333329,1642,0.07724319935038568,Exact weekly windows plus date exceptions over year period; not reduced by sector-specific school holidays; no inferred availability
47,True,True,True,8,92,138,810.5,0.1702652683528686,Exact weekly windows plus date exceptions over year period; not reduced by sector-specific school holidays; no inferred availability
37,True,True,True,5,55,82.5,976.5,0.08448540706605223,Exact weekly windows plus date exceptions over year period; not reduced by sector-specific school holidays; no inferred availability
33,False,False,True,0,0,0,0,,Exact weekly windows plus date exceptions over year period; not reduced by sector-specific school holidays; no inferred availability
39,True,True,True,4,36,52.33333333333336,595,0.08795518207282917,Exact weekly windows plus date exceptions over year period; not reduced by sector-specific school holidays; no inferred availability
46,True,True,True,8,87,134,771,0.17380025940337224,Exact weekly windows plus date exceptions over year period; not reduced by sector-specific school holidays; no inferred availability
26,True,True,True,4,41,65.83333333333333,602,0.10935769656699888,Exact weekly windows plus date exceptions over year period; not reduced by sector-specific school holidays; no inferred availability
38,True,True,True,0,0,0,1519,0,Exact weekly windows plus date exceptions over year period; not reduced by sector-specific school holidays; no inferred availability
43,True,True,True,13,129,217.0833333333332,1634,0.13285393716850258,Exact weekly windows plus date exceptions over year period; not reduced by sector-specific school holidays; no inferred availability
42,False,False,True,0,0,0,0,,Exact weekly windows plus date exceptions over year period; not reduced by sector-specific school holidays; no inferred availability
36,False,False,True,0,0,0,1085,0,Exact weekly windows plus date exceptions over year period; not reduced by sector-specific school holidays; no inferred availability
49,True,True,True,4,56,87.5,696,0.1257183908045977,Exact weekly windows plus date exceptions over year period; not reduced by sector-specific school holidays; no inferred availability
48,True,True,True,7,70,105,1736,0.06048387096774194,Exact weekly windows plus date exceptions over year period; not reduced by sector-specific school holidays; no inferred availability
27,True,True,True,2,24,36,1603,0.022457891453524642,Exact weekly windows plus date exceptions over year period; not reduced by sector-specific school holidays; no inferred availability
